2.01.2015;105.728,56;106.205,34;105.039,21;105.773,50;221.996.832,00
5.01.2015;105.801,46;107.550,42;105.669,17;107.148,04;493.322.464,00
6.01.2015;107.374,36;107.702,49;105.990,05;107.698,92;510.584.096,00
7.01.2015;107.696,79;108.578,27;107.106,48;107.448,33;561.462.592,00
8.01.2015;108.298,27;108.946,30;107.988,92;108.598,18;432.080.224,00
9.01.2015;108.625,99;109.385,82;108.176,09;108.468,32;483.264.768,00
12.01.2015;108.813,12;109.832,99;108.339,15;108.584,30;406.078.656,00
13.01.2015;108.888,73;109.496,67;108.503,31;109.163,13;394.050.592,00
14.01.2015;108.386,18;109.314,95;107.796,66;108.399,15;464.767.744,00
15.01.2015;109.058,63;109.613,33;108.461,03;108.828,72;523.344.160,00
16.01.2015;108.679,62;109.079,72;107.859,20;108.579,09;377.753.376,00
19.01.2015;108.900,21;109.668,45;108.702,41;109.261,70;326.688.832,00
20.01.2015;109.549,59;111.274,40;109.540,40;110.926,13;542.292.544,00
21.01.2015;111.533,19;112.586,17;111.498,91;112.514,68;538.568.064,00
22.01.2015;112.976,17;113.372,11;111.773,17;113.241,16;525.163.520,00
23.01.2015;113.589,75;114.055,66;112.572,04;112.833,98;456.457.408,00
26.01.2015;112.535,29;113.614,87;112.079,22;113.614,87;284.065.408,00
27.01.2015;113.781,18;114.030,44;112.437,26;113.206,93;378.198.912,00
28.01.2015;113.934,94;114.052,03;112.028,21;112.088,40;335.507.776,00
29.01.2015;111.218,55;111.938,61;109.617,97;109.617,97;359.615.904,00
30.01.2015;110.152,85;110.732,49;108.924,08;110.173,78;375.420.160,00
2.02.2015;110.384,02;111.465,66;109.832,70;111.273,55;267.142.624,00
3.02.2015;111.702,62;111.702,62;107.729,09;108.271,84;482.242.400,00
4.02.2015;108.680,22;108.806,00;105.849,53;106.161,70;610.966.848,00
5.02.2015;106.176,75;106.924,83;105.174,73;106.056,09;566.148.736,00
6.02.2015;106.151,92;106.834,10;104.734,78;104.857,56;447.606.720,00
9.02.2015;104.871,34;104.871,34;102.647,68;104.448,83;568.284.032,00
10.02.2015;104.985,10;105.441,19;102.366,51;102.599,64;544.408.576,00
11.02.2015;103.230,06;104.051,17;102.667,08;103.011,75;614.434.688,00
12.02.2015;103.474,68;106.359,21;103.464,95;106.359,21;675.169.664,00
13.02.2015;106.538,50;106.706,41;105.617,69;105.920,19;440.878.944,00
16.02.2015;106.341,93;106.664,74;106.022,94;106.112,40;321.484.288,00
17.02.2015;105.611,86;105.968,93;104.075,36;104.075,36;443.095.552,00
18.02.2015;104.306,58;105.650,82;103.695,98;105.447,85;351.161.088,00
19.02.2015;106.463,78;106.848,67;105.713,63;106.630,29;365.946.528,00
20.02.2015;106.569,55;106.738,12;104.878,82;105.391,91;303.961.152,00
23.02.2015;105.343,53;106.544,35;104.518,65;106.521,68;438.838.656,00
24.02.2015;106.681,94;107.112,74;106.094,29;106.955,31;434.105.440,00
25.02.2015;107.695,57;108.424,52;106.594,09;106.949,98;468.947.008,00
26.02.2015;106.581,83;107.798,63;105.822,16;105.847,64;520.381.248,00
27.02.2015;106.048,82;106.519,31;102.948,43;103.382,60;604.747.392,00
2.03.2015;103.681,45;104.031,08;102.980,68;103.155,56;408.305.728,00
3.03.2015;103.714,49;104.116,61;102.591,94;103.653,26;380.367.808,00
4.03.2015;103.511,17;103.688,54;100.536,88;100.652,07;483.651.648,00
5.03.2015;99.161,85;99.912,09;97.859,73;98.791,41;800.056.256,00
6.03.2015;99.068,53;100.937,80;97.904,48;98.252,61;697.077.952,00
9.03.2015;99.482,93;100.234,31;98.668,76;98.810,00;571.129.728,00
10.03.2015;99.034,85;99.322,82;95.368,57;95.368,57;654.111.360,00
11.03.2015;95.792,83;96.587,89;93.758,79;95.920,02;646.568.064,00
12.03.2015;97.278,93;97.554,83;94.903,05;95.979,34;535.231.328,00
13.03.2015;96.303,37;96.995,72;93.828,24;93.828,24;571.736.000,00
16.03.2015;95.177,83;96.221,62;94.540,99;95.834,53;466.811.072,00
17.03.2015;96.589,82;98.235,23;96.433,19;98.155,23;488.476.160,00
18.03.2015;98.064,36;98.298,09;96.959,31;97.946,89;451.540.256,00
19.03.2015;99.939,23;100.903,21;99.560,94;100.551,48;570.448.896,00
20.03.2015;100.960,22;101.740,43;100.179,83;101.455,86;429.988.416,00
23.03.2015;101.517,39;103.084,15;101.365,11;103.038,75;417.649.120,00
24.03.2015;102.900,92;103.033,98;100.320,67;100.783,62;544.680.960,00
25.03.2015;101.560,01;103.013,79;101.013,20;101.650,87;479.210.432,00
26.03.2015;99.882,28;100.118,73;99.099,15;100.118,73;455.268.192,00
27.03.2015;99.779,94;99.797,86;98.412,57;99.318,53;402.657.408,00
30.03.2015;99.369,81;101.021,66;98.712,43;100.979,06;408.801.248,00
31.03.2015;100.995,59;101.408,96;98.703,32;99.074,06;470.086.304,00
1.04.2015;99.404,82;99.988,16;98.851,54;99.613,37;422.638.464,00
2.04.2015;99.916,85;100.505,95;99.722,33;100.130,28;367.220.192,00
3.04.2015;100.501,38;102.011,32;99.858,26;101.944,57;312.940.032,00
6.04.2015;100.954,27;102.052,61;100.845,69;102.052,61;329.120.160,00
7.04.2015;101.905,62;101.905,62;100.212,05;100.948,03;371.289.088,00
8.04.2015;100.975,53;101.343,23;100.288,61;101.226,69;415.051.744,00
9.04.2015;100.710,87;102.267,76;100.663,50;102.036,90;484.823.200,00
10.04.2015;101.873,16;102.394,66;100.328,52;100.834,02;443.394.368,00
13.04.2015;100.774,38;101.331,87;99.407,08;99.796,89;470.151.808,00
14.04.2015;99.363,60;100.575,14;98.249,29;100.358,66;580.605.504,00
15.04.2015;99.886,78;100.071,98;98.885,15;99.067,29;453.398.208,00
16.04.2015;99.883,85;100.890,31;99.449,30;100.507,31;484.122.528,00
17.04.2015;101.251,42;101.665,79;100.272,83;100.541,32;383.575.680,00
20.04.2015;101.061,43;101.364,39;100.152,25;100.356,91;364.521.472,00
21.04.2015;100.071,11;102.899,97;99.682,62;102.889,41;573.125.568,00
22.04.2015;102.917,88;103.533,30;102.022,34;102.089,18;486.416.448,00
24.04.2015;102.577,91;104.410,09;102.509,80;104.368,69;454.025.184,00
27.04.2015;104.532,81;105.747,57;104.005,86;105.468,50;536.361.280,00
28.04.2015;105.561,84;105.884,87;104.912,21;105.254,03;477.742.912,00
29.04.2015;105.486,74;105.966,72;104.863,00;105.052,43;446.701.792,00
30.04.2015;105.256,00;105.508,64;102.387,00;102.387,00;457.323.808,00
4.05.2015;102.262,75;102.815,16;101.415,74;102.437,68;322.008.128,00
5.05.2015;102.338,91;103.133,22;101.395,53;101.498,33;355.469.120,00
6.05.2015;101.934,21;101.934,21;100.129,41;100.252,73;449.992.352,00
7.05.2015;100.310,35;100.825,26;99.457,44;100.560,89;443.578.816,00
8.05.2015;100.738,07;102.995,83;100.185,55;102.722,05;467.128.128,00
11.05.2015;102.799,99;104.193,56;102.799,99;103.500,34;417.689.664,00
12.05.2015;103.597,97;104.433,43;102.897,55;104.395,65;471.654.880,00
13.05.2015;104.563,23;105.997,10;104.563,23;105.817,33;527.228.224,00
14.05.2015;105.820,36;107.427,73;105.397,45;106.877,29;594.976.384,00
15.05.2015;107.117,37;107.931,82;106.818,38;107.392,20;392.333.984,00
18.05.2015;107.408,45;108.609,87;107.235,75;108.609,87;351.721.440,00
20.05.2015;108.164,09;108.385,68;106.871,18;107.442,03;449.073.408,00
21.05.2015;107.662,34;108.380,86;105.586,41;105.773,54;511.047.968,00
22.05.2015;105.897,63;105.989,02;104.703,35;104.866,53;439.954.272,00
25.05.2015;104.697,45;104.810,81;103.195,88;103.314,73;286.107.328,00
26.05.2015;102.700,28;103.571,13;101.951,28;101.951,28;416.557.760,00
27.05.2015;102.395,80;102.908,11;100.951,91;102.908,11;499.347.712,00
28.05.2015;102.912,89;103.103,80;101.818,30;101.818,30;385.353.856,00
29.05.2015;101.939,76;103.342,34;100.516,13;101.003,39;483.111.296,00
1.06.2015;100.701,52;100.713,63;97.844,70;97.929,36;372.636.288,00
2.06.2015;98.296,53;99.488,94;98.143,89;99.402,23;474.424.032,00
3.06.2015;99.582,49;102.040,27;99.035,16;102.016,40;497.032.288,00
4.06.2015;101.271,02;101.533,44;99.836,35;100.978,25;443.338.208,00
5.06.2015;100.508,52;101.614,82;99.823,43;100.259,04;614.492.928,00
8.06.2015;91.833,23;95.205,55;91.833,23;95.205,55;823.304.256,00
9.06.2015;95.977,50;96.185,05;94.965,44;95.329,68;520.311.360,00
10.06.2015;95.838,97;97.617,30;95.838,97;97.261,15;480.623.680,00
11.06.2015;97.549,35;98.855,71;96.772,03;98.724,81;530.505.312,00
12.06.2015;98.688,85;99.176,24;98.011,30;98.375,14;424.783.264,00
15.06.2015;98.365,42;98.581,01;96.449,35;96.449,35;418.003.648,00
16.06.2015;96.794,10;98.494,77;96.794,10;98.047,34;483.884.768,00
17.06.2015;98.319,04;99.047,46;98.136,58;98.712,19;457.646.656,00
18.06.2015;99.867,97;100.667,53;99.520,12;100.254,56;395.701.824,00
19.06.2015;100.333,34;101.380,24;99.939,46;100.881,08;423.829.600,00
22.06.2015;101.474,32;102.606,13;101.474,32;102.170,40;424.193.792,00
23.06.2015;102.366,07;102.712,46;101.103,43;101.624,20;508.730.272,00
24.06.2015;101.807,86;103.125,81;101.652,82;102.928,85;478.759.392,00
25.06.2015;102.980,10;103.407,04;101.758,28;101.844,86;497.337.888,00
26.06.2015;101.721,27;102.546,29;101.456,68;102.128,63;357.349.408,00
29.06.2015;100.676,96;101.100,18;99.895,13;99.895,13;371.916.672,00
30.06.2015;100.131,50;100.707,90;99.501,64;100.434,28;421.556.128,00
1.07.2015;100.664,50;101.171,28;99.445,66;99.445,66;352.854.400,00
2.07.2015;99.315,44;99.852,99;98.493,08;99.655,11;418.589.088,00
3.07.2015;99.815,22;100.009,88;98.819,06;98.819,06;248.456.560,00
6.07.2015;98.544,23;100.495,71;98.544,23;100.427,55;361.289.248,00
7.07.2015;100.786,18;100.980,07;99.170,66;99.170,66;369.421.088,00
8.07.2015;99.036,54;99.036,54;97.561,40;97.727,25;416.497.792,00
9.07.2015;98.360,70;100.206,13;98.360,70;100.132,81;307.996.000,00
10.07.2015;100.973,68;101.659,57;100.529,08;100.836,68;366.859.360,00
13.07.2015;100.842,06;102.094,72;100.452,83;101.697,35;357.379.200,00
14.07.2015;102.111,52;102.695,60;100.930,27;101.221,00;389.982.848,00
15.07.2015;101.477,65;101.804,99;100.448,72;100.721,87;264.392.032,00
16.07.2015;100.909,87;101.053,99;100.679,64;100.792,71;196.852.848,00
20.07.2015;100.806,61;100.888,40;98.449,93;98.900,95;362.263.648,00
21.07.2015;99.385,35;99.607,27;98.394,62;99.166,41;381.741.024,00
22.07.2015;99.363,48;99.535,57;98.075,40;98.900,86;351.461.120,00
23.07.2015;98.820,84;98.820,84;95.413,68;95.669,57;428.240.032,00
24.07.2015;95.484,60;96.763,36;94.947,43;96.055,31;320.691.616,00
27.07.2015;96.099,53;96.650,65;94.270,99;94.456,77;380.054.496,00
28.07.2015;94.888,98;96.270,48;94.888,98;95.353,23;415.029.632,00
29.07.2015;95.549,92;96.311,89;94.925,06;95.589,34;309.175.104,00
30.07.2015;95.019,02;96.680,96;94.879,87;95.858,99;379.125.568,00
31.07.2015;96.208,39;97.934,85;95.663,26;97.934,85;537.268.992,00
3.08.2015;97.868,73;97.868,73;95.549,71;95.748,38;351.447.680,00
4.08.2015;96.109,37;96.504,06;95.302,84;95.844,07;327.734.816,00
5.08.2015;95.673,80;96.216,35;95.158,36;95.651,85;278.177.056,00
6.08.2015;95.991,59;96.864,96;95.896,13;96.576,16;329.161.024,00
7.08.2015;96.839,79;96.977,16;95.803,36;96.168,72;268.692.448,00
10.08.2015;96.397,46;96.636,94;94.899,33;95.211,73;302.048.000,00
11.08.2015;96.447,52;98.252,77;96.447,52;97.993,72;378.082.304,00
12.08.2015;96.923,44;97.230,07;96.100,33;96.227,11;295.099.360,00
13.08.2015;96.295,17;96.295,17;93.408,03;94.829,03;522.247.296,00
14.08.2015;94.470,42;95.534,53;94.105,71;94.989,48;371.733.952,00
17.08.2015;95.010,56;95.359,74;93.723,61;94.467,70;354.261.184,00
18.08.2015;93.821,49;94.349,63;93.088,75;93.088,75;362.730.976,00
19.08.2015;93.569,17;93.995,03;92.074,55;92.217,58;372.189.408,00
20.08.2015;92.006,86;92.006,86;90.257,79;91.576,82;429.905.120,00
21.08.2015;91.166,72;91.425,98;90.051,18;90.442,85;319.508.032,00
24.08.2015;88.965,37;88.965,37;85.533,41;87.545,43;424.060.000,00
25.08.2015;88.620,05;90.665,85;88.341,04;90.324,53;432.696.416,00
26.08.2015;90.169,08;91.189,36;89.350,08;90.513,18;394.861.664,00
27.08.2015;91.769,84;92.418,29;91.499,37;91.906,43;346.658.432,00
28.08.2015;92.072,79;92.307,31;90.802,99;91.642,83;272.029.088,00
31.08.2015;91.475,48;92.492,11;91.433,98;92.360,81;259.527.392,00
1.09.2015;91.911,62;91.958,93;89.977,59;90.265,90;395.497.888,00
2.09.2015;90.653,66;91.153,70;90.072,34;90.395,45;308.470.944,00
3.09.2015;90.867,97;91.370,02;89.909,80;90.910,30;336.526.176,00
4.09.2015;90.175,66;90.958,43;89.444,13;89.546,88;319.448.704,00
7.09.2015;88.951,12;88.951,12;87.761,11;88.203,11;240.588.240,00
8.09.2015;88.837,42;89.141,25;87.846,48;88.473,65;296.737.600,00
9.09.2015;89.406,82;89.526,81;88.370,59;88.433,22;278.828.160,00
10.09.2015;88.063,72;88.386,62;87.413,27;88.276,51;342.322.176,00
11.09.2015;88.412,16;88.440,97;87.618,67;87.686,79;278.295.104,00
14.09.2015;88.071,25;88.100,42;87.238,06;87.593,45;350.391.328,00
15.09.2015;87.832,56;90.050,46;87.566,42;89.977,15;501.551.424,00
16.09.2015;90.167,93;91.440,65;89.752,86;91.159,21;392.107.616,00
17.09.2015;91.005,21;92.227,07;90.713,53;92.227,07;365.261.376,00
18.09.2015;92.094,34;92.290,65;90.771,48;92.290,65;465.363.168,00
21.09.2015;91.962,61;93.417,78;91.444,13;93.197,06;398.704.800,00
22.09.2015;93.414,69;93.599,50;91.458,36;92.003,42;322.366.976,00
23.09.2015;91.834,38;92.181,86;91.591,52;91.591,52;117.534.576,00
28.09.2015;91.738,99;92.239,67;89.993,70;89.993,70;340.333.632,00
29.09.2015;89.382,35;91.389,90;89.102,61;91.282,85;461.519.552,00
30.09.2015;91.795,27;91.871,33;90.667,63;91.235,61;467.622.112,00
1.10.2015;91.772,90;92.063,56;90.888,10;91.620,93;444.874.816,00
2.10.2015;91.632,75;91.818,35;90.622,92;91.421,26;450.708.384,00
5.10.2015;92.614,86;94.672,09;92.568,36;94.671,44;576.269.120,00
6.10.2015;94.732,48;95.607,33;94.225,76;95.083,45;486.725.888,00
7.10.2015;95.820,31;96.894,56;95.521,11;96.864,94;667.457.984,00
8.10.2015;96.339,55;97.571,28;95.923,33;96.777,44;551.788.224,00
9.10.2015;97.511,05;98.019,16;96.919,49;97.534,41;554.799.616,00
12.10.2015;96.702,60;98.032,05;96.702,60;97.674,29;494.121.280,00
13.10.2015;97.688,72;97.868,42;95.763,87;96.349,80;501.593.120,00
14.10.2015;96.328,49;97.869,01;96.249,02;97.685,34;457.739.232,00
15.10.2015;98.545,60;98.995,50;97.476,37;97.476,37;511.008.160,00
16.10.2015;97.947,13;97.947,13;96.414,92;96.514,44;395.347.840,00
19.10.2015;96.894,83;98.236,85;96.894,83;98.030,71;397.876.416,00
20.10.2015;98.101,26;99.147,49;97.869,11;99.010,37;442.127.776,00
21.10.2015;98.843,71;98.865,23;97.283,17;97.959,60;494.738.048,00
22.10.2015;98.026,29;98.986,55;98.026,29;98.600,37;462.907.488,00
23.10.2015;99.441,97;99.645,98;98.418,13;98.470,99;488.132.800,00
26.10.2015;98.527,14;98.846,17;97.428,80;97.522,50;371.381.728,00
26.10.2015;98.527,14;98.846,17;97.428,80;97.522,50;371.381.728,00
27.10.2015;97.447,82;97.677,76;96.201,38;96.889,10;371.268.800,00
27.10.2015;97.447,82;97.677,76;96.201,38;96.889,10;371.268.800,00
28.10.2015;96.839,15;96.907,43;96.234,96;96.907,43;134.192.384,00
30.10.2015;96.555,59;98.365,84;95.823,94;98.212,97;399.134.240,00
2.11.2015;103.537,34;104.572,87;103.107,85;103.593,64;940.760.704,00
3.11.2015;103.764,40;103.858,36;102.480,61;102.487,96;569.241.408,00
4.11.2015;102.938,25;103.591,99;102.932,25;103.434,10;455.962.784,00
5.11.2015;102.866,54;102.954,64;101.841,20;102.267,14;452.918.592,00
6.11.2015;102.599,51;102.645,85;100.737,65;101.002,73;374.770.656,00
9.11.2015;101.100,56;101.792,08;100.745,16;100.999,33;387.237.184,00
10.11.2015;101.355,84;101.747,31;99.907,03;99.907,03;361.451.840,00
11.11.2015;100.298,40;101.442,48;100.298,40;100.579,17;382.405.568,00
12.11.2015;101.210,19;101.306,97;100.201,34;101.210,01;396.562.688,00
13.11.2015;101.150,16;101.385,64;100.522,37;100.821,46;421.298.016,00
16.11.2015;100.401,27;100.692,08;99.606,93;99.632,25;329.142.368,00
17.11.2015;99.991,33;100.698,21;99.782,29;99.782,29;381.327.840,00
18.11.2015;99.645,60;100.287,21;98.815,35;99.070,76;374.785.408,00
19.11.2015;99.490,05;99.805,85;98.575,20;98.954,10;381.944.512,00
20.11.2015;98.905,53;99.817,05;98.864,37;99.265,65;334.060.000,00
23.11.2015;99.185,54;99.371,20;98.023,33;98.023,33;296.790.880,00
24.11.2015;98.173,23;98.346,35;93.625,75;93.744,71;812.694.464,00
25.11.2015;94.095,92;94.550,71;92.743,79;94.338,40;690.878.976,00
26.11.2015;94.055,32;94.105,97;91.951,60;91.951,60;491.869.856,00
27.11.2015;91.776,31;93.888,44;91.776,31;92.712,68;567.711.744,00
30.11.2015;92.868,91;93.946,46;91.985,14;92.191,64;411.475.616,00
1.12.2015;92.444,68;94.146,62;92.444,68;94.146,62;571.867.008,00
2.12.2015;94.880,66;95.468,79;93.415,28;93.606,89;630.050.496,00
3.12.2015;93.957,19;94.617,53;92.343,42;92.452,80;536.708.832,00
4.12.2015;92.942,75;93.030,87;89.790,72;90.901,61;618.767.808,00
7.12.2015;91.071,68;91.342,44;89.736,92;90.544,77;512.721.536,00
8.12.2015;90.354,47;90.909,30;89.379,42;89.595,14;477.446.176,00
9.12.2015;89.934,79;91.785,21;89.470,07;91.587,28;519.224.128,00
10.12.2015;91.275,97;92.457,54;88.323,71;88.771,97;721.121.024,00
11.12.2015;88.935,50;88.978,79;86.137,03;86.196,09;739.282.560,00
14.12.2015;87.114,98;88.042,29;84.730,03;84.893,12;581.152.896,00
15.12.2015;85.590,44;88.946,46;85.344,15;88.583,32;703.857.280,00
16.12.2015;88.375,29;89.542,55;87.570,52;89.380,06;698.031.552,00
17.12.2015;90.215,86;91.082,18;89.374,23;90.427,31;731.840.256,00
18.12.2015;90.138,81;90.146,45;88.390,26;88.788,10;478.279.904,00
21.12.2015;89.339,69;90.483,77;89.289,76;89.848,00;471.953.888,00
22.12.2015;89.760,44;89.905,92;88.212,72;89.411,76;486.937.920,00
23.12.2015;90.010,98;91.182,59;90.010,98;90.567,05;437.175.648,00
24.12.2015;90.824,49;90.979,80;90.256,74;90.582,96;231.633.520,00
25.12.2015;90.695,94;90.778,42;90.460,91;90.751,79;73.839.328,00
28.12.2015;91.008,82;91.707,34;90.733,64;90.785,31;285.804.160,00
29.12.2015;90.955,60;91.096,32;89.979,59;90.360,97;324.243.808,00
30.12.2015;90.397,03;90.446,36;89.206,96;89.378,89;220.881.072,00
31.12.2015;89.533,12;89.604,99;86.955,40;87.428,49;272.918.144,00
4.01.2016;86.019,38;86.338,29;85.023,80;85.981,14;339.091.808,00
5.01.2016;86.668,02;86.940,28;84.502,58;86.147,25;488.091.104,00
6.01.2016;85.773,03;86.970,83;84.904,24;86.862,50;596.209.600,00
7.01.2016;86.107,19;87.577,47;84.994,29;87.417,44;705.166.400,00
8.01.2016;87.897,70;88.226,75;85.932,68;86.234,62;565.212.992,00
11.01.2016;85.933,88;87.568,90;85.517,25;86.825,17;500.366.528,00
12.01.2016;86.783,72;88.216,83;86.094,12;87.724,37;634.057.472,00
13.01.2016;88.195,60;89.345,15;88.057,84;88.710,40;589.301.696,00
14.01.2016;88.299,72;88.901,46;87.308,04;88.073,18;586.436.672,00
15.01.2016;88.098,69;88.489,75;86.359,13;86.953,78;583.892.800,00
18.01.2016;87.476,41;87.660,24;86.673,49;87.067,28;396.415.328,00
19.01.2016;87.883,61;88.082,44;86.670,67;87.041,44;483.259.072,00
20.01.2016;86.437,71;86.652,72;85.135,57;85.152,39;540.410.304,00
21.01.2016;85.202,94;85.375,68;83.480,87;83.911,77;610.979.648,00
22.01.2016;85.093,02;86.322,07;84.774,03;86.106,14;528.223.168,00
25.01.2016;86.790,50;87.161,40;85.837,02;86.329,06;392.711.872,00
26.01.2016;85.830,36;88.031,93;85.561,45;87.992,98;546.358.784,00
27.01.2016;87.993,00;89.045,58;87.906,47;88.213,32;613.703.296,00
28.01.2016;88.722,08;89.326,99;88.466,50;88.582,81;599.743.360,00
29.01.2016;89.515,94;90.041,35;89.496,14;90.041,35;527.937.408,00
1.02.2016;90.005,08;90.031,09;89.059,58;89.945,52;418.250.816,00
2.02.2016;90.164,56;90.468,63;88.649,64;88.649,64;503.940.544,00
3.02.2016;88.197,51;90.218,70;87.960,41;89.749,92;591.714.624,00
4.02.2016;90.892,51;91.656,95;90.630,67;91.410,45;615.595.456,00
5.02.2016;91.370,43;91.733,58;90.760,58;91.003,17;465.501.600,00
8.02.2016;91.331,09;91.571,36;88.208,18;88.211,43;653.031.104,00
9.02.2016;87.548,54;88.002,80;86.201,56;87.540,22;680.885.120,00
10.02.2016;87.853,45;88.545,86;86.676,73;87.778,23;559.440.704,00
11.02.2016;87.109,84;87.362,07;85.616,32;87.047,32;684.952.960,00
12.02.2016;87.598,57;87.816,57;86.919,20;86.960,63;513.153.280,00
15.02.2016;87.391,21;87.989,44;85.168,15;87.260,46;619.213.824,00
16.02.2016;87.909,27;88.261,39;86.926,55;87.104,71;462.759.520,00
17.02.2016;87.092,84;89.511,16;86.730,41;89.424,97;570.326.400,00
18.02.2016;89.330,32;90.265,14;88.818,76;90.265,14;520.792.672,00
19.02.2016;90.194,45;90.206,55;89.163,04;89.589,08;409.105.952,00
22.02.2016;90.418,40;91.821,38;90.272,33;91.821,38;455.757.344,00
23.02.2016;91.697,40;93.099,12;91.442,91;92.705,75;620.197.248,00
24.02.2016;92.899,80;93.022,83;90.782,03;90.995,74;536.660.960,00
25.02.2016;91.620,97;92.853,56;91.329,96;92.462,36;535.594.144,00
26.02.2016;92.922,47;93.512,32;91.992,49;92.129,89;485.319.168,00
29.02.2016;91.823,25;93.455,24;91.409,75;93.244,75;502.717.952,00
1.03.2016;93.414,21;93.725,30;92.963,90;93.338,97;419.026.496,00
2.03.2016;94.222,34;94.643,90;93.749,93;94.315,36;500.970.816,00
3.03.2016;94.617,92;95.235,19;93.854,25;94.336,50;516.676.896,00
4.03.2016;94.476,11;94.813,46;93.486,06;94.803,16;543.946.944,00
7.03.2016;94.978,67;95.764,16;94.586,77;95.014,12;534.921.984,00
8.03.2016;94.724,63;95.963,72;94.557,94;95.379,78;583.440.000,00
9.03.2016;95.301,77;96.781,37;94.952,39;96.781,37;542.355.584,00
10.03.2016;96.916,26;98.116,44;96.499,56;97.293,44;717.240.384,00
11.03.2016;98.008,83;98.070,33;96.967,57;97.843,52;525.665.472,00
14.03.2016;97.645,62;98.720,72;97.603,29;98.703,02;479.181.408,00
15.03.2016;98.635,92;98.649,16;96.907,66;97.267,00;553.755.072,00
16.03.2016;97.466,99;97.888,95;96.398,96;97.552,61;469.552.768,00
17.03.2016;99.035,08;100.313,42;98.915,04;100.279,46;606.282.368,00
18.03.2016;100.385,13;102.342,85;100.039,33;102.342,85;609.356.416,00
21.03.2016;102.122,76;103.044,81;101.629,52;102.858,58;619.080.832,00
22.03.2016;102.084,43;102.084,43;99.737,92;100.784,95;863.581.504,00
23.03.2016;100.473,50;100.675,43;98.720,69;99.011,90;704.037.376,00
24.03.2016;98.905,80;100.368,25;98.651,03;100.285,48;613.362.304,00
25.03.2016;100.321,99;100.772,43;100.118,53;100.184,33;193.354.016,00
28.03.2016;100.379,25;100.666,62;99.478,81;100.163,31;254.480.208,00
29.03.2016;100.566,60;101.343,37;100.275,65;100.554,87;434.373.472,00
30.03.2016;101.384,12;102.268,13;101.274,92;101.993,15;509.296.992,00
31.03.2016;101.968,12;102.596,71;101.380,54;102.348,55;490.806.336,00
1.04.2016;101.988,45;102.072,54;100.445,41;101.055,91;451.664.928,00
4.04.2016;101.594,64;102.934,93;101.285,21;102.934,93;460.133.760,00
5.04.2016;102.604,00;102.667,59;101.118,73;101.803,12;466.173.696,00
6.04.2016;101.697,55;101.805,02;99.707,01;99.707,01;498.259.552,00
7.04.2016;100.338,33;100.642,04;99.073,06;99.192,46;412.414.496,00
8.04.2016;99.546,89;101.095,22;98.815,70;100.988,84;442.124.864,00
11.04.2016;101.082,83;103.105,19;100.648,61;102.924,78;551.737.216,00
12.04.2016;102.676,31;103.422,98;101.792,16;102.425,85;551.459.072,00
13.04.2016;102.966,50;105.260,10;102.733,41;105.113,02;637.588.864,00
14.04.2016;105.155,49;105.828,97;104.583,54;105.256,33;619.892.864,00
15.04.2016;105.466,25;105.754,50;103.827,39;104.894,90;466.608.480,00
18.04.2016;104.356,68;105.989,92;104.113,16;105.912,02;562.385.216,00
19.04.2016;106.259,78;106.402,80;105.240,98;105.826,83;504.079.712,00
20.04.2016;105.472,60;106.731,83;104.657,38;105.022,47;719.705.920,00
21.04.2016;105.536,92;106.217,25;104.531,01;105.298,24;459.637.248,00
22.04.2016;105.501,79;105.626,43;104.668,98;105.523,36;430.282.016,00
25.04.2016;105.171,22;105.488,06;104.310,80;104.406,03;393.153.504,00
26.04.2016;104.759,92;105.622,68;104.389,85;105.346,70;537.828.160,00
27.04.2016;105.506,54;105.857,71;104.614,27;104.752,98;404.714.784,00
28.04.2016;104.858,79;105.096,38;103.917,91;104.956,57;498.544.736,00
29.04.2016;105.046,09;105.228,75;104.123,37;104.799,45;355.851.968,00
2.05.2016;104.674,19;104.711,58;102.921,30;102.957,67;311.177.312,00
3.05.2016;103.378,88;103.585,07;99.312,50;99.558,55;652.121.152,00
4.05.2016;99.474,21;99.559,63;97.061,96;97.428,66;727.660.608,00
5.05.2016;95.469,50;98.067,55;95.149,89;96.472,39;808.613.888,00
6.05.2016;96.503,12;96.577,70;94.488,06;95.967,26;728.603.648,00
9.05.2016;96.757,52;97.710,27;96.541,31;96.770,98;454.972.992,00
10.05.2016;96.841,89;97.395,81;96.016,25;96.576,07;484.419.136,00
11.05.2016;96.703,73;97.054,98;95.527,02;96.835,94;475.583.968,00
12.05.2016;96.878,79;97.527,46;95.791,18;95.853,16;493.993.408,00
13.05.2016;95.363,77;96.240,64;94.870,31;95.131,86;457.338.784,00
16.05.2016;95.410,00;95.760,41;93.802,62;94.258,41;334.640.512,00
17.05.2016;94.857,32;95.283,39;93.591,00;94.642,27;469.295.872,00
18.05.2016;94.314,44;95.027,14;93.588,90;94.576,56;522.391.168,00
20.05.2016;94.509,23;94.864,54;93.279,94;93.354,56;505.285.056,00
23.05.2016;93.566,05;94.238,83;93.125,93;93.956,87;351.767.968,00
24.05.2016;93.614,13;97.607,32;93.532,91;97.521,59;741.883.712,00
25.05.2016;97.516,38;98.119,94;96.386,79;96.415,77;484.984.768,00
26.05.2016;95.997,99;96.383,72;95.060,82;95.637,13;490.931.072,00
27.05.2016;95.738,21;96.269,10;95.319,93;95.656,51;316.735.456,00
30.05.2016;95.526,86;96.828,63;95.526,86;96.391,39;236.748.096,00
31.05.2016;96.962,75;97.162,70;95.501,38;95.501,38;475.106.016,00
1.06.2016;95.609,50;95.791,42;94.564,88;94.609,90;379.524.256,00
2.06.2016;94.897,26;95.145,38;93.504,76;93.596,59;318.580.992,00
3.06.2016;93.951,20;96.505,52;93.826,26;96.010,71;436.709.184,00
6.06.2016;96.489,28;97.089,04;96.225,96;96.554,92;327.963.008,00
7.06.2016;97.070,13;97.687,54;95.801,14;95.979,08;471.292.864,00
8.06.2016;96.232,12;97.209,03;95.375,01;96.891,83;434.344.384,00
9.06.2016;96.889,28;97.041,90;95.337,42;95.409,48;385.102.272,00
10.06.2016;95.388,13;95.635,71;94.245,97;94.447,53;351.421.280,00
13.06.2016;93.888,20;94.212,06;92.655,64;94.175,65;396.174.176,00
14.06.2016;94.013,18;94.276,64;92.671,07;93.095,83;461.828.704,00
15.06.2016;93.801,20;94.187,60;93.425,71;93.706,48;332.635.296,00
16.06.2016;93.205,54;93.528,95;91.749,34;91.749,34;269.706.208,00
17.06.2016;92.600,58;93.268,02;92.066,41;92.835,36;329.694.336,00
20.06.2016;94.195,96;95.616,04;94.128,90;95.592,52;342.906.304,00
21.06.2016;95.616,87;96.270,51;95.300,34;95.608,85;399.149.440,00
22.06.2016;95.803,58;96.225,27;95.115,75;95.363,94;293.556.864,00
23.06.2016;95.705,33;96.813,80;95.281,11;96.361,61;434.217.440,00
24.06.2016;91.592,85;93.278,23;91.471,05;92.948,44;485.828.512,00
27.06.2016;93.120,71;93.669,74;92.248,16;92.681,27;503.718.912,00
28.06.2016;93.570,15;95.163,55;93.570,15;94.950,16;444.227.360,00
29.06.2016;94.732,02;95.432,07;94.170,53;94.514,97;534.580.288,00
30.06.2016;94.781,24;95.337,58;94.125,75;94.535,22;387.206.464,00
1.07.2016;95.033,47;96.032,71;95.033,47;95.972,55;302.671.168,00
4.07.2016;96.165,12;96.436,09;95.970,96;96.436,09;88.901.256,00
8.07.2016;96.156,89;96.379,12;95.477,87;95.922,08;298.471.840,00
11.07.2016;96.712,66;97.603,05;96.712,66;97.503,28;397.577.120,00
12.07.2016;97.671,26;100.087,89;97.498,53;100.087,89;660.225.984,00
13.07.2016;100.172,56;100.665,08;99.711,19;100.194,82;539.570.752,00
14.07.2016;100.794,07;102.020,92;100.518,09;101.868,48;490.857.312,00
15.07.2016;101.593,37;102.054,86;101.351,23;102.054,86;366.893.056,00
18.07.2016;99.655,78;100.087,96;93.322,82;95.211,31;992.049.600,00
19.07.2016;94.227,81;96.727,46;93.795,12;94.049,66;857.426.176,00
20.07.2016;94.465,50;94.921,46;92.133,13;92.502,76;690.833.216,00
21.07.2016;91.708,61;91.708,61;88.232,93;88.284,36;773.176.512,00
22.07.2016;89.752,38;89.752,38;86.707,41;88.280,43;653.089.536,00
25.07.2016;89.126,69;91.391,81;89.014,54;91.090,94;505.932.992,00
26.07.2016;91.830,33;91.896,35;89.862,59;90.461,58;455.795.488,00
27.07.2016;90.806,47;92.128,89;90.529,38;92.119,75;420.827.840,00
28.07.2016;92.644,77;93.179,04;91.761,06;92.216,26;425.837.376,00
29.07.2016;92.278,72;92.767,61;91.212,39;92.466,28;390.951.520,00
1.08.2016;93.471,64;94.208,88;93.401,83;94.002,06;374.496.224,00
2.08.2016;93.957,18;94.219,60;92.836,00;92.836,00;421.963.712,00
3.08.2016;92.671,67;92.855,98;90.821,02;91.305,70;391.298.560,00
4.08.2016;91.568,69;93.393,03;90.875,44;93.378,50;531.667.872,00
5.08.2016;93.643,91;94.190,81;92.079,13;93.329,92;408.554.528,00
8.08.2016;95.115,78;95.786,56;94.523,54;95.565,40;492.204.896,00
9.08.2016;95.686,64;96.892,54;95.424,54;96.447,04;767.868.544,00
10.08.2016;96.637,09;96.748,77;95.213,72;95.767,72;518.947.776,00
11.08.2016;95.904,11;97.128,91;95.490,65;97.094,47;438.848.544,00
12.08.2016;97.439,60;97.534,06;95.749,09;96.045,81;421.115.424,00
15.08.2016;96.660,15;97.041,32;95.964,67;96.258,09;302.481.728,00
16.08.2016;96.697,39;96.880,80;95.374,34;95.477,27;406.864.416,00
17.08.2016;95.527,29;96.633,24;95.262,26;96.036,53;359.780.672,00
18.08.2016;96.764,03;96.988,93;95.451,35;95.864,28;319.064.576,00
19.08.2016;95.858,45;96.215,50;94.962,73;96.137,17;287.941.120,00
22.08.2016;95.579,91;96.021,51;95.191,37;95.780,96;300.487.104,00
23.08.2016;96.114,35;96.233,56;95.032,13;95.032,13;411.633.280,00
24.08.2016;93.713,82;93.716,49;92.251,24;93.482,05;460.118.976,00
25.08.2016;93.900,38;94.469,16;93.760,15;94.198,22;379.762.784,00
26.08.2016;94.105,36;94.902,25;93.452,22;94.668,30;319.541.472,00
29.08.2016;94.163,84;94.413,09;93.197,40;93.286,67;225.496.080,00
31.08.2016;93.255,49;93.869,33;93.032,93;93.169,73;338.311.872,00
1.09.2016;93.471,57;93.707,01;92.910,68;93.098,89;286.964.320,00
2.09.2016;93.289,09;94.502,26;93.195,82;94.395,17;340.430.368,00
5.09.2016;94.927,60;95.582,37;94.816,67;95.539,88;328.187.424,00
6.09.2016;95.789,48;96.080,64;95.408,32;95.825,82;313.959.968,00
7.09.2016;96.114,72;96.202,00;95.147,93;95.401,19;280.680.896,00
8.09.2016;95.684,75;96.135,63;95.144,00;95.674,83;357.997.120,00
9.09.2016;95.418,19;95.537,69;94.570,55;94.627,43;390.986.496,00
16.09.2016;94.733,39;94.859,24;93.247,86;93.273,29;342.042.240,00
19.09.2016;93.905,73;95.411,49;93.897,50;95.299,35;310.020.896,00
20.09.2016;95.217,44;95.337,23;94.420,64;94.798,65;300.796.672,00
21.09.2016;94.976,54;95.841,75;94.528,93;95.525,23;364.582.304,00
22.09.2016;96.753,22;98.147,23;96.643,43;98.015,13;562.936.960,00
23.09.2016;97.993,40;98.395,98;97.630,03;97.881,04;402.758.848,00
26.09.2016;93.404,83;94.431,35;93.304,95;94.047,56;555.603.776,00
27.09.2016;94.349,31;94.958,50;93.911,18;94.596,98;429.609.120,00
28.09.2016;94.707,72;95.407,79;94.628,09;95.209,63;387.649.952,00
29.09.2016;95.344,15;95.406,55;93.996,14;94.384,31;409.592.128,00
30.09.2016;93.869,76;93.979,03;93.217,37;93.643,42;311.935.232,00
3.10.2016;94.176,36;94.803,82;94.176,36;94.477,51;281.522.784,00
4.10.2016;94.572,70;94.816,10;93.980,48;94.193,55;365.391.264,00
5.10.2016;93.702,59;95.403,05;93.404,74;95.225,88;472.395.360,00
6.10.2016;95.675,59;96.173,36;95.185,69;95.259,04;416.215.904,00
7.10.2016;95.486,58;95.991,87;94.901,37;95.331,84;355.400.384,00
10.10.2016;95.721,52;95.961,11;94.910,56;95.147,30;361.816.832,00
11.10.2016;94.998,38;95.149,53;94.325,03;94.829,31;359.964.544,00
12.10.2016;95.124,41;95.372,36;94.189,09;94.622,40;397.550.496,00
13.10.2016;94.554,27;94.759,39;93.531,04;93.800,42;469.880.992,00
14.10.2016;94.141,00;94.854,81;93.696,99;94.665,51;364.881.344,00
17.10.2016;94.505,17;94.803,48;93.887,90;94.502,24;347.357.280,00
18.10.2016;94.951,30;95.836,06;94.951,30;95.723,16;494.493.088,00
19.10.2016;96.128,18;96.928,21;95.934,30;96.838,30;444.321.888,00
20.10.2016;96.986,06;97.281,23;96.615,73;96.920,80;450.524.544,00
21.10.2016;96.979,64;96.998,69;96.194,70;96.373,63;291.913.600,00
24.10.2016;96.851,06;97.920,49;96.785,57;97.749,25;346.516.064,00
25.10.2016;97.684,50;98.223,27;96.969,36;97.074,73;386.076.096,00
26.10.2016;97.138,76;97.364,39;96.537,90;97.073,77;365.463.744,00
27.10.2016;96.999,22;97.169,49;96.016,14;96.110,12;313.471.904,00
28.10.2016;95.899,08;96.136,09;95.333,31;95.700,96;178.606.048,00
31.10.2016;95.980,80;96.373,47;95.540,83;96.017,63;243.892.784,00
1.11.2016;96.333,89;96.544,57;94.604,85;94.693,26;402.420.800,00
2.11.2016;94.545,90;94.897,45;94.322,40;94.338,79;325.496.128,00
3.11.2016;94.522,75;94.816,52;93.680,14;93.742,61;355.030.816,00
4.11.2016;92.615,81;92.902,63;90.686,33;90.706,15;587.175.104,00
7.11.2016;91.853,48;92.745,06;91.853,48;92.411,04;436.406.880,00
8.11.2016;92.340,26;93.393,88;91.758,99;93.227,84;453.464.512,00
9.11.2016;91.063,17;93.091,87;90.994,94;92.992,56;519.930.432,00
10.11.2016;93.857,94;94.180,67;93.200,95;93.200,95;486.024.192,00
11.11.2016;93.002,22;93.261,54;91.757,03;91.779,39;463.616.768,00
14.11.2016;91.995,41;92.097,95;90.614,91;90.813,88;420.872.160,00
15.11.2016;91.205,67;91.964,20;91.110,38;91.824,99;429.063.552,00
16.11.2016;92.061,17;92.152,58;90.819,40;91.260,98;427.104.544,00
17.11.2016;91.566,73;92.415,65;91.335,12;91.696,48;386.292.064,00
18.11.2016;91.384,04;92.635,96;90.909,84;92.429,30;452.443.904,00
21.11.2016;92.718,24;92.787,88;91.801,92;92.319,86;379.303.424,00
22.11.2016;92.253,16;93.164,60;92.094,14;92.592,76;365.570.464,00
23.11.2016;92.930,62;93.054,55;91.607,43;91.664,95;377.214.272,00
24.11.2016;91.568,93;92.831,46;90.546,03;90.656,63;604.864.960,00
25.11.2016;90.482,95;91.206,37;90.106,01;90.934,82;400.592.160,00
28.11.2016;91.731,66;92.154,84;91.607,62;91.765,22;356.790.464,00
29.11.2016;91.527,78;91.901,04;90.705,92;90.727,49;405.501.184,00
30.11.2016;91.110,48;91.178,33;90.006,11;90.430,39;454.666.912,00
1.12.2016;90.544,56;90.577,04;88.497,94;88.691,42;425.267.232,00
2.12.2016;88.839,19;90.026,61;87.755,40;89.808,28;507.282.688,00
5.12.2016;89.363,87;90.783,65;89.299,33;89.980,21;482.801.568,00
6.12.2016;90.471,66;92.323,99;90.471,66;92.286,16;514.649.344,00
7.12.2016;92.293,39;93.193,43;91.985,60;93.045,24;534.544.448,00
8.12.2016;93.338,14;93.604,63;91.919,29;92.962,39;503.420.480,00
9.12.2016;93.190,35;93.285,12;92.500,53;92.690,71;309.830.112,00
12.12.2016;92.196,18;93.337,99;91.611,89;93.337,99;346.679.520,00
13.12.2016;93.713,75;94.361,60;93.389,79;94.333,15;454.929.728,00
14.12.2016;94.194,22;94.479,73;93.646,91;94.259,74;324.060.960,00
15.12.2016;93.538,82;95.221,21;93.440,32;95.221,21;600.572.864,00
16.12.2016;95.378,42;95.487,07;94.842,28;95.068,57;397.283.680,00
19.12.2016;95.260,01;95.437,60;94.430,51;94.430,51;361.543.616,00
20.12.2016;94.261,12;95.302,08;94.057,95;95.221,84;356.821.664,00
21.12.2016;95.440,27;95.654,16;94.849,13;94.913,35;315.837.344,00
22.12.2016;95.040,86;95.222,20;94.549,04;94.741,73;270.730.720,00
23.12.2016;94.771,99;94.952,33;94.102,61;94.209,98;198.584.576,00
26.12.2016;94.333,85;94.533,74;94.220,62;94.220,62;54.744.928,00
27.12.2016;94.399,93;94.536,28;93.737,63;93.901,43;148.532.208,00
28.12.2016;93.853,54;94.960,72;93.606,76;94.929,88;245.095.888,00
29.12.2016;94.837,42;95.393,40;94.772,24;95.183,52;204.538.304,00
30.12.2016;95.320,78;95.710,15;95.057,54;95.498,58;189.533.360,00
2.01.2017;95.196,44;95.262,71;94.733,50;94.876,10;166.200.208,00
3.01.2017;95.011,43;95.119,08;93.334,57;93.341,53;503.601.440,00
4.01.2017;93.575,33;93.832,48;92.277,95;92.645,25;471.798.560,00
5.01.2017;92.942,58;93.501,50;92.076,59;93.052,82;633.351.808,00
6.01.2017;92.853,88;93.964,10;92.690,46;93.891,90;359.505.184,00
9.01.2017;93.450,17;94.536,52;93.250,23;94.246,61;356.174.560,00
10.01.2017;93.968,36;94.602,59;93.803,94;94.133,98;542.607.680,00
11.01.2017;93.728,85;94.631,67;93.118,88;94.457,32;564.664.000,00
12.01.2017;94.871,13;99.064,63;94.711,03;98.762,01;1.138.500.992,00
13.01.2017;98.582,80;99.754,58;98.036,75;99.607,09;864.719.488,00
16.01.2017;99.715,96;100.264,08;99.217,44;99.614,25;542.922.048,00
17.01.2017;100.122,74;100.660,84;99.531,30;100.375,38;725.113.152,00
18.01.2017;100.542,15;101.007,51;99.983,71;100.899,78;705.928.512,00
19.01.2017;101.134,97;101.620,18;100.065,54;100.379,49;591.121.024,00
20.01.2017;100.428,56;101.580,82;99.976,86;101.342,67;432.134.880,00
23.01.2017;101.752,09;101.941,71;101.113,18;101.325,23;403.935.424,00
24.01.2017;101.510,23;102.990,07;101.096,69;102.893,76;729.721.408,00
25.01.2017;102.746,63;102.942,39;101.075,36;101.485,58;532.180.448,00
26.01.2017;101.873,47;102.663,37;101.192,33;102.423,74;542.139.328,00
27.01.2017;102.070,48;102.951,99;101.905,51;102.563,05;404.401.728,00
30.01.2017;102.373,05;105.838,05;102.335,46;105.745,27;815.311.872,00
31.01.2017;105.787,17;106.344,79;105.288,38;105.850,34;699.139.008,00
1.02.2017;105.961,67;106.627,27;105.409,08;106.544,91;536.139.840,00
2.02.2017;106.943,46;107.555,34;106.437,85;107.206,54;658.495.872,00
3.02.2017;107.100,29;108.530,99;106.680,53;108.530,99;564.755.200,00
6.02.2017;109.518,10;110.094,33;107.088,92;107.101,27;696.215.936,00
7.02.2017;106.778,55;108.044,19;106.436,03;107.242,18;576.656.320,00
8.02.2017;107.382,38;108.449,73;106.989,49;108.223,76;537.615.872,00
9.02.2017;108.362,43;109.237,87;107.665,27;109.002,37;614.470.976,00
10.02.2017;109.353,34;109.699,48;106.900,02;107.123,70;618.846.976,00
13.02.2017;107.417,43;108.935,54;107.155,46;108.601,77;426.844.064,00
14.02.2017;108.914,95;108.943,34;107.208,65;108.049,01;651.708.416,00
15.02.2017;108.329,33;108.694,84;107.539,53;107.780,95;544.424.512,00
16.02.2017;108.293,26;108.554,33;107.908,59;108.212,05;389.255.328,00
17.02.2017;108.123,75;109.318,11;108.031,24;109.112,23;383.081.568,00
20.02.2017;109.964,41;110.107,26;108.590,32;108.783,82;458.176.768,00
21.02.2017;108.929,92;109.670,88;108.929,92;109.243,19;353.216.864,00
22.02.2017;109.015,37;109.375,18;107.224,49;108.733,11;440.048.256,00
23.02.2017;109.108,09;109.697,62;108.955,75;109.509,60;434.129.824,00
24.02.2017;109.571,66;109.612,83;107.870,47;108.377,63;449.236.832,00
27.02.2017;108.555,97;108.706,41;107.650,48;107.729,77;330.249.664,00
28.02.2017;107.657,85;108.010,54;107.089,78;107.406,53;613.199.040,00
1.03.2017;107.701,76;109.766,22;107.588,95;109.751,93;607.110.336,00
2.03.2017;109.875,15;110.630,27;109.840,74;110.513,13;469.390.144,00
3.03.2017;110.423,45;110.437,59;109.714,73;110.216,61;469.271.232,00
5.03.2017;110.423,45;110.437,59;109.714,73;110.216,61;469.271.232,00
6.03.2017;110.651,72;112.497,74;110.651,72;112.004,79;462.049.856,00
7.03.2017;112.430,80;112.466,23;111.367,21;111.678,33;409.074.752,00
8.03.2017;111.691,66;111.767,52;109.354,43;109.851,33;576.766.208,00
9.03.2017;109.504,14;109.830,88;108.742,90;109.247,31;403.400.736,00
10.03.2017;109.585,61;110.376,43;109.568,86;109.998,68;327.745.888,00
13.03.2017;109.861,05;110.002,08;108.972,31;109.707,73;294.874.432,00
14.03.2017;109.886,63;109.949,42;109.258,45;109.294,04;364.658.976,00
15.03.2017;109.562,70;110.448,49;109.562,70;109.840,49;428.908.352,00
16.03.2017;110.949,06;111.566,41;110.637,75;110.840,11;439.487.840,00
17.03.2017;111.186,10;111.634,53;110.700,65;111.133,38;399.471.936,00
20.03.2017;110.800,23;111.666,64;110.655,86;111.666,64;259.290.752,00
21.03.2017;112.024,18;112.437,92;110.980,85;111.204,12;449.773.024,00
22.03.2017;110.334,16;110.619,32;109.428,91;110.153,11;433.668.800,00
23.03.2017;110.542,54;110.621,72;109.838,43;110.033,57;380.221.216,00
24.03.2017;110.149,43;110.906,85;109.890,82;110.906,85;367.977.376,00
27.03.2017;110.748,70;110.852,92;109.718,10;109.853,05;446.418.848,00
28.03.2017;110.587,05;110.874,85;110.215,99;110.687,72;397.851.104,00
29.03.2017;109.457,54;109.797,98;108.898,51;109.486,12;511.268.032,00
30.03.2017;109.671,45;109.973,11;109.247,98;109.509,18;303.891.040,00
31.03.2017;109.447,60;109.860,73;108.918,49;109.013,66;340.829.664,00
3.04.2017;109.130,49;109.133,37;108.492,57;108.629,47;269.065.408,00
4.04.2017;107.752,53;108.674,55;107.637,10;108.424,09;326.502.560,00
5.04.2017;107.914,47;109.012,73;107.818,74;109.012,73;426.364.928,00
6.04.2017;108.395,14;108.804,36;108.318,51;108.526,32;333.726.272,00
7.04.2017;108.109,56;108.760,71;108.101,67;108.411,22;344.438.528,00
10.04.2017;108.729,24;112.280,35;108.662,66;112.143,71;685.837.056,00
11.04.2017;112.181,91;112.895,98;111.558,77;111.711,26;560.552.384,00
12.04.2017;112.158,70;112.541,29;111.765,25;111.769,90;384.709.952,00
13.04.2017;112.086,19;112.182,61;110.253,67;110.409,17;416.406.880,00
14.04.2017;110.165,76;111.431,62;109.720,26;110.901,94;295.732.224,00
17.04.2017;111.509,47;111.836,35;110.601,22;111.316,11;479.086.784,00
18.04.2017;111.065,29;113.137,95;110.926,31;112.282,29;593.181.504,00
19.04.2017;112.528,44;112.910,47;111.045,84;111.520,11;656.166.336,00
20.04.2017;111.945,72;113.132,10;111.874,42;113.018,58;554.030.144,00
21.04.2017;113.847,37;114.238,70;113.465,30;113.692,64;525.757.184,00
24.04.2017;114.250,40;115.400,93;114.034,60;115.400,93;583.295.616,00
25.04.2017;115.936,27;116.535,25;114.624,96;116.535,25;596.148.736,00
26.04.2017;116.598,04;117.108,88;116.086,85;116.392,78;684.606.912,00
27.04.2017;116.610,84;117.290,34;115.965,61;116.090,47;545.005.376,00
28.04.2017;116.251,00;117.043,14;115.621,60;116.665,38;536.878.592,00
2.05.2017;117.050,49;117.441,84;115.984,66;116.055,23;461.278.912,00
3.05.2017;116.079,57;116.450,24;115.109,60;115.390,56;422.434.240,00
4.05.2017;115.136,32;115.671,49;114.254,69;114.318,78;531.742.560,00
5.05.2017;114.393,25;115.780,49;114.393,25;115.501,57;523.905.568,00
8.05.2017;116.077,60;116.340,69;115.154,86;115.325,47;569.684.096,00
9.05.2017;115.356,64;117.391,81;115.145,18;117.370,27;622.034.304,00
10.05.2017;117.077,63;118.506,73;116.890,94;118.502,38;685.527.168,00
11.05.2017;118.875,52;118.884,91;116.885,48;116.934,28;647.811.520,00
12.05.2017;117.268,42;117.851,18;116.425,90;116.848,61;517.519.616,00
15.05.2017;117.579,54;117.903,93;117.052,58;117.561,24;405.245.408,00
16.05.2017;118.100,19;118.599,88;117.702,27;118.374,62;686.190.912,00
17.05.2017;117.975,50;118.946,07;117.306,38;117.750,94;794.920.960,00
18.05.2017;117.405,83;117.624,35;116.058,78;117.026,52;571.467.264,00
22.05.2017;118.000,04;118.721,85;117.993,54;118.637,53;517.159.424,00
23.05.2017;118.368,38;120.247,43;118.229,97;120.171,75;591.608.512,00
24.05.2017;120.162,40;121.624,96;120.157,54;121.059,90;802.716.544,00
25.05.2017;120.773,84;120.816,14;119.706,84;120.102,63;659.446.528,00
26.05.2017;120.103,06;120.408,00;119.351,18;119.827,13;439.145.888,00
29.05.2017;120.072,46;120.643,82;119.786,87;120.062,42;266.023.440,00
30.05.2017;120.182,60;120.371,78;119.286,87;119.549,55;442.413.536,00
31.05.2017;120.157,55;121.007,06;119.562,00;119.746,15;578.130.432,00
1.06.2017;120.154,68;120.195,08;118.930,06;119.559,55;485.680.000,00
2.06.2017;120.491,81;121.495,97;120.349,99;121.495,97;424.811.936,00
5.06.2017;121.843,70;122.022,32;120.175,38;120.612,96;604.618.048,00
6.06.2017;120.598,75;121.067,87;120.004,78;120.789,52;515.021.824,00
7.06.2017;120.922,84;121.399,29;119.749,98;119.965,61;666.986.368,00
8.06.2017;120.375,06;120.470,65;119.837,42;120.322,65;420.953.888,00
9.06.2017;120.856,56;122.019,39;120.856,56;121.530,88;449.465.568,00
12.06.2017;121.445,09;122.586,15;121.416,87;122.252,79;439.247.712,00
13.06.2017;122.656,05;122.964,34;121.448,67;121.968,77;544.162.176,00
14.06.2017;122.178,07;122.642,12;121.622,81;122.310,45;406.005.408,00
15.06.2017;121.654,38;121.779,97;120.786,49;121.184,93;375.510.144,00
16.06.2017;121.171,01;121.520,73;120.212,82;120.531,94;309.036.832,00
19.06.2017;121.200,06;121.984,04;121.200,06;121.984,04;318.987.840,00
20.06.2017;122.407,77;122.666,65;121.459,94;121.764,35;312.599.488,00
21.06.2017;121.601,39;122.281,66;121.035,18;121.998,04;273.731.264,00
22.06.2017;122.522,80;122.789,23;121.976,03;122.689,98;277.173.664,00
23.06.2017;122.881,66;122.992,43;122.220,16;122.292,82;279.189.728,00
28.06.2017;122.002,07;123.564,88;121.937,00;123.564,88;474.983.872,00
29.06.2017;123.913,98;124.045,35;122.820,85;123.075,33;416.869.376,00
30.06.2017;122.824,76;123.758,27;122.531,74;123.307,67;352.896.000,00
3.07.2017;123.507,80;123.925,52;123.211,63;123.342,60;306.507.360,00
4.07.2017;123.334,42;124.256,85;123.207,47;124.256,85;477.873.984,00
5.07.2017;124.335,87;124.493,17;123.704,10;123.704,10;374.021.632,00
6.07.2017;123.841,06;124.484,42;123.227,92;123.615,16;589.682.240,00
7.07.2017;123.691,35;123.961,71;122.924,26;122.924,26;340.058.240,00
10.07.2017;123.562,50;124.383,59;123.562,50;124.249,81;320.372.160,00
11.07.2017;124.249,16;127.495,99;124.041,28;127.002,14;638.131.904,00
12.07.2017;126.929,62;128.458,10;126.871,12;127.853,23;536.773.664,00
13.07.2017;127.983,64;129.176,42;127.686,49;128.210,20;500.004.448,00
14.07.2017;128.474,46;129.623,16;128.343,95;129.580,98;354.376.064,00
17.07.2017;129.813,01;131.163,12;129.526,05;130.909,99;443.988.800,00
18.07.2017;130.897,15;130.931,15;130.031,56;130.222,76;351.846.432,00
19.07.2017;130.765,18;132.746,83;130.765,18;132.534,25;479.466.624,00
20.07.2017;132.763,27;132.932,45;131.491,38;131.640,47;514.826.400,00
21.07.2017;131.238,14;132.125,22;130.673,50;131.639,41;493.215.712,00
24.07.2017;132.093,30;132.484,22;131.231,08;131.403,52;454.707.744,00
25.07.2017;131.864,64;132.352,52;131.661,58;131.676,08;437.284.544,00
26.07.2017;131.859,53;132.239,89;131.373,09;131.702,23;381.093.408,00
27.07.2017;132.472,23;133.407,45;132.453,30;133.143,55;397.502.592,00
28.07.2017;132.963,98;132.963,98;132.150,62;132.280,05;355.352.608,00
31.07.2017;132.520,73;132.842,91;131.824,77;132.064,83;356.533.952,00
1.08.2017;132.487,67;132.640,25;130.275,60;130.375,06;480.796.544,00
2.08.2017;130.592,63;131.142,55;130.096,79;130.724,46;428.343.680,00
3.08.2017;131.404,36;131.862,11;131.186,95;131.671,91;376.331.232,00
4.08.2017;131.868,38;133.704,06;131.818,36;133.554,94;466.720.704,00
7.08.2017;134.236,89;135.213,94;134.234,31;134.940,06;403.239.072,00
8.08.2017;135.196,77;135.652,12;134.493,03;134.781,50;387.948.256,00
9.08.2017;134.283,03;134.307,42;133.279,38;133.522,72;435.041.760,00
10.08.2017;133.763,34;134.432,64;132.333,70;132.333,70;398.411.648,00
11.08.2017;131.769,33;131.968,80;130.133,61;131.204,22;545.199.040,00
14.08.2017;132.365,84;134.530,95;132.365,84;134.439,41;583.526.720,00
15.08.2017;135.037,98;135.290,20;131.515,78;131.515,78;661.031.744,00
16.08.2017;131.847,12;132.694,91;129.160,52;131.509,91;692.684.160,00
17.08.2017;132.161,48;132.496,81;130.913,86;131.442,75;526.889.088,00
18.08.2017;130.839,51;131.923,81;130.263,63;131.836,62;379.198.528,00
21.08.2017;131.773,06;134.024,83;131.222,56;133.647,38;435.069.888,00
22.08.2017;134.097,55;134.456,67;133.245,81;133.514,16;398.936.128,00
23.08.2017;133.613,12;134.330,19;133.486,88;133.991,11;396.490.400,00
24.08.2017;134.256,30;135.556,77;134.135,05;134.317,73;460.231.136,00
25.08.2017;134.400,61;135.734,09;134.167,69;135.080,16;304.440.864,00
28.08.2017;135.618,62;136.053,33;135.240,55;135.875,77;333.245.440,00
29.08.2017;135.681,53;136.010,30;134.693,30;136.010,30;582.456.128,00
31.08.2017;136.077,22;136.130,33;135.302,77;135.426,64;205.804.304,00
5.09.2017;135.825,80;135.966,20;133.631,81;133.783,17;486.693.952,00
6.09.2017;133.890,80;135.100,66;133.478,27;134.731,73;655.950.208,00
7.09.2017;134.688,75;135.247,66;133.863,89;134.612,73;690.504.384,00
8.09.2017;134.675,80;134.849,80;132.424,06;132.869,48;588.732.800,00
11.09.2017;133.592,55;134.599,45;133.444,77;134.057,53;584.999.424,00
12.09.2017;134.171,92;134.373,83;133.044,19;133.655,94;655.246.848,00
13.09.2017;133.614,86;134.072,88;132.396,72;132.396,72;592.582.208,00
14.09.2017;132.534,45;133.343,78;131.776,84;132.636,91;600.126.144,00
15.09.2017;132.728,80;132.910,23;131.861,50;131.861,50;392.718.432,00
18.09.2017;132.217,55;132.293,05;130.591,53;130.596,38;528.445.696,00
19.09.2017;130.541,53;130.841,83;128.295,52;128.636,40;633.986.560,00
20.09.2017;129.080,08;129.525,95;128.185,26;129.211,01;518.538.272,00
21.09.2017;128.807,59;129.357,21;127.398,43;127.605,71;426.630.976,00
22.09.2017;128.208,96;128.531,58;126.931,77;127.860,29;470.291.328,00
25.09.2017;127.304,01;127.304,01;125.184,12;125.897,51;577.248.448,00
26.09.2017;126.590,84;128.166,76;125.910,97;127.893,54;526.649.696,00
27.09.2017;127.845,00;127.983,70;124.376,91;124.376,91;599.880.960,00
28.09.2017;124.267,64;126.373,63;124.017,68;126.004,96;536.876.288,00
29.09.2017;126.435,06;126.711,39;125.363,54;126.114,52;516.367.072,00
2.10.2017;126.114,75;127.474,95;126.001,28;127.252,74;450.933.312,00
3.10.2017;127.275,20;127.885,45;126.562,10;127.192,78;573.810.112,00
4.10.2017;127.643,38;128.474,85;127.415,65;127.971,08;594.245.632,00
5.10.2017;128.272,92;128.657,88;127.565,74;127.714,47;488.066.880,00
6.10.2017;127.480,92;127.593,12;126.662,05;127.495,63;461.548.608,00
9.10.2017;122.739,06;123.979,40;121.357,03;123.979,40;775.806.016,00
10.10.2017;125.476,87;126.798,80;124.998,65;126.553,40;567.694.080,00
11.10.2017;126.206,98;128.362,51;125.770,67;127.232,27;749.716.224,00
12.10.2017;128.835,28;129.979,38;128.106,86;129.979,38;548.001.088,00
13.10.2017;130.114,57;130.864,50;129.114,51;130.321,70;558.140.224,00
16.10.2017;130.731,23;131.270,69;130.067,28;130.578,22;536.939.968,00
17.10.2017;130.766,88;132.121,09;130.618,49;131.147,73;526.128.096,00
18.10.2017;131.793,06;131.903,38;130.754,30;131.027,22;549.213.248,00
19.10.2017;131.646,41;133.052,91;131.393,44;133.043,62;488.703.968,00
20.10.2017;133.465,81;134.159,61;132.387,77;133.173,08;617.613.696,00
23.10.2017;132.705,30;132.705,30;131.531,23;131.531,23;468.035.968,00
24.10.2017;131.896,72;132.419,78;131.343,55;131.452,62;550.696.576,00
25.10.2017;131.890,31;133.008,17;131.880,06;132.827,25;511.972.608,00
26.10.2017;132.725,69;133.499,12;131.484,27;131.484,27;517.523.648,00
27.10.2017;131.200,78;132.439,64;130.951,51;132.187,12;626.292.480,00
30.10.2017;133.379,80;133.686,39;132.578,03;132.809,28;468.557.760,00
31.10.2017;133.164,41;135.048,55;132.903,33;135.048,55;557.262.720,00
1.11.2017;135.447,20;139.647,95;135.136,33;138.996,06;845.730.816,00
2.11.2017;140.584,16;140.989,25;138.558,73;139.078,16;811.501.248,00
3.11.2017;139.137,69;139.587,38;135.681,38;136.553,34;751.448.704,00
6.11.2017;137.338,30;141.789,09;137.151,84;140.493,22;724.845.120,00
7.11.2017;140.769,39;141.102,27;137.894,55;137.894,55;753.984.832,00
8.11.2017;138.564,75;138.750,91;135.761,98;137.106,16;716.935.040,00
9.11.2017;137.504,44;137.794,62;134.382,84;134.826,56;678.997.120,00
10.11.2017;135.092,14;135.371,73;132.964,27;133.290,88;603.923.264,00
13.11.2017;134.186,77;134.461,16;131.990,66;133.259,53;578.584.832,00
14.11.2017;133.359,33;135.879,12;132.325,34;135.154,59;705.884.032,00
15.11.2017;134.948,78;135.954,50;132.202,48;132.225,05;757.480.448,00
16.11.2017;132.625,48;133.787,25;131.106,59;131.345,27;611.121.536,00
17.11.2017;131.957,70;132.213,89;129.940,97;130.734,60;598.730.752,00
20.11.2017;130.883,71;130.889,29;127.251,79;127.696,60;585.327.872,00
21.11.2017;126.706,99;129.593,82;126.575,85;129.239,34;752.275.520,00
22.11.2017;129.308,67;130.470,38;127.142,51;130.225,09;746.996.224,00
23.11.2017;130.743,82;131.468,80;128.390,24;128.949,32;573.449.408,00
24.11.2017;128.517,54;129.373,12;127.907,91;128.449,77;520.493.568,00
27.11.2017;128.671,53;129.709,74;127.689,11;128.572,01;481.583.040,00
28.11.2017;128.478,47;130.434,94;125.306,82;125.306,82;731.473.600,00
29.11.2017;125.650,11;126.722,36;124.651,49;125.765,42;530.081.920,00
30.11.2017;126.657,05;128.293,20;126.140,78;127.922,68;676.312.000,00
1.12.2017;127.789,32;128.194,47;126.666,80;127.233,81;481.395.104,00
4.12.2017;127.049,03;129.444,37;127.033,51;129.298,10;486.362.304,00
5.12.2017;130.188,80;131.388,05;129.433,73;130.917,33;665.973.632,00
6.12.2017;131.096,98;131.430,06;129.177,67;129.462,93;548.412.992,00
7.12.2017;129.800,56;131.383,62;129.311,43;130.944,26;469.495.456,00
8.12.2017;131.448,97;133.288,83;131.134,30;132.916,94;580.381.312,00
11.12.2017;134.077,08;134.775,94;133.606,44;134.481,06;605.125.056,00
12.12.2017;134.382,41;134.899,41;133.295,09;134.253,70;537.002.432,00
13.12.2017;134.564,97;134.981,47;132.763,95;133.214,41;520.938.368,00
14.12.2017;134.296,95;135.769,05;133.147,47;135.323,80;809.205.760,00
15.12.2017;135.138,05;135.635,23;134.250,59;134.644,69;587.048.256,00
18.12.2017;135.210,05;136.418,86;135.164,33;135.573,27;581.849.152,00
19.12.2017;135.882,38;136.685,72;135.337,59;135.339,22;529.763.520,00
20.12.2017;135.400,09;136.132,64;134.520,23;135.772,17;480.490.816,00
21.12.2017;136.222,62;137.564,44;136.186,39;136.882,12;502.302.240,00
22.12.2017;137.647,48;137.999,17;136.387,78;136.547,09;449.539.392,00
25.12.2017;137.375,41;137.706,70;136.842,09;137.240,78;226.250.256,00
26.12.2017;137.693,95;137.917,58;137.152,23;137.583,08;334.907.936,00
27.12.2017;137.345,77;137.889,91;136.816,48;137.762,67;438.028.448,00
28.12.2017;138.218,98;141.087,33;138.218,98;141.000,59;512.647.776,00
29.12.2017;141.295,16;142.887,56;140.760,34;142.112,44;440.876.544,00
2.01.2018;142.660,95;145.206,48;142.516,14;144.946,69;523.246.592,00
3.01.2018;145.196,88;146.028,34;142.356,02;142.740,88;687.256.768,00
4.01.2018;142.740,98;144.218,44;141.172,53;141.590,69;706.662.848,00
5.01.2018;142.439,84;143.679,03;141.995,02;142.972,47;587.584.768,00
8.01.2018;144.058,06;144.420,42;142.218,42;142.322,52;569.935.232,00
9.01.2018;142.333,00;142.826,44;140.551,84;140.685,69;565.604.032,00
10.01.2018;140.364,08;140.441,17;137.891,80;138.730,94;661.379.776,00
11.01.2018;139.683,25;140.122,84;137.919,77;140.122,84;592.707.968,00
12.01.2018;140.537,08;141.364,77;139.835,44;139.971,30;577.614.144,00
15.01.2018;139.508,88;140.999,19;136.962,73;136.962,73;593.114.432,00
16.01.2018;136.391,69;139.986,70;135.706,44;139.893,47;705.279.296,00
17.01.2018;139.806,31;142.836,59;138.841,98;142.799,88;665.135.872,00
18.01.2018;143.500,27;144.316,64;142.157,17;142.985,16;629.868.480,00
19.01.2018;142.810,78;143.236,66;140.574,23;140.770,28;500.478.368,00
22.01.2018;141.460,23;143.493,92;141.004,44;143.493,92;496.467.072,00
23.01.2018;144.285,16;145.621,45;143.659,62;144.776,44;615.003.904,00
24.01.2018;144.846,55;146.343,67;144.311,30;146.343,67;602.681.088,00
25.01.2018;146.322,58;147.325,48;145.067,12;145.084,98;701.422.656,00
26.01.2018;145.598,28;147.880,19;145.411,98;147.880,19;602.047.296,00
29.01.2018;148.732,72;148.873,03;145.993,19;147.935,84;545.028.288,00
30.01.2018;147.021,36;148.002,72;145.793,27;145.793,27;623.557.632,00
31.01.2018;146.232,06;147.281,14;145.937,86;146.480,52;520.841.536,00
1.02.2018;147.075,83;148.256,97;145.196,39;145.695,84;609.495.104,00
2.02.2018;146.041,05;146.375,98;144.064,12;144.496,91;471.705.152,00
5.02.2018;143.993,67;144.531,12;142.632,59;142.942,42;556.844.992,00
6.02.2018;139.777,34;142.021,64;139.348,62;141.442,84;632.319.936,00
7.02.2018;142.363,03;142.624,19;141.147,52;141.330,45;604.133.696,00
8.02.2018;141.747,20;141.949,12;139.318,66;139.822,09;529.652.128,00
9.02.2018;138.427,73;140.005,36;137.713,98;139.165,25;511.201.920,00
12.02.2018;140.422,81;141.456,22;140.258,31;140.747,14;423.926.208,00
13.02.2018;141.353,05;142.024,05;140.551,62;140.645,72;433.598.560,00
14.02.2018;141.739,16;142.125,77;139.056,98;139.279,94;441.940.320,00
15.02.2018;140.834,92;143.094,20;140.834,92;143.001,52;469.424.768,00
16.02.2018;143.760,09;144.684,47;142.673,36;143.419,08;466.962.144,00
19.02.2018;144.130,67;144.754,98;142.022,25;142.625,73;484.220.064,00
20.02.2018;143.142,03;143.778,27;139.138,78;139.358,94;538.445.056,00
21.02.2018;141.325,19;143.080,77;140.974,83;143.080,77;529.701.632,00
22.02.2018;142.832,83;143.890,36;141.844,31;143.643,80;602.178.752,00
23.02.2018;144.415,08;145.045,41;143.938,80;144.623,77;463.958.592,00
26.02.2018;145.601,62;146.405,27;145.389,78;146.293,02;400.543.008,00
27.02.2018;146.580,25;146.971,08;145.928,70;146.366,94;523.107.200,00
28.02.2018;145.820,09;146.954,27;145.673,73;146.553,91;559.400.832,00
1.03.2018;146.058,98;146.614,91;144.521,09;144.736,45;528.720.032,00
2.03.2018;144.304,05;144.670,92;142.949,23;143.715,55;446.879.104,00
5.03.2018;143.914,06;144.486,11;143.245,42;143.617,47;353.532.896,00
6.03.2018;144.391,83;144.583,88;143.349,88;143.358,78;524.164.352,00
7.03.2018;142.753,97;143.476,59;142.221,88;143.275,92;460.021.504,00
8.03.2018;143.398,56;144.012,09;142.797,31;142.876,45;405.854.144,00
9.03.2018;143.301,34;143.745,06;142.746,81;143.271,50;377.320.384,00
12.03.2018;144.337,55;145.868,06;144.337,55;145.230,70;500.980.960,00
13.03.2018;145.339,88;145.642,19;144.448,12;145.125,69;506.320.288,00
14.03.2018;145.192,94;146.100,36;144.108,12;144.372,86;428.267.456,00
15.03.2018;144.866,61;145.068,06;143.553,39;143.821,73;412.234.208,00
16.03.2018;144.341,83;144.629,47;143.276,66;143.761,08;399.319.232,00
19.03.2018;143.629,06;143.642,97;141.193,22;141.223,31;391.022.304,00
20.03.2018;142.012,27;143.020,45;140.793,98;142.648,66;544.987.520,00
21.03.2018;142.889,16;144.428,11;142.686,17;144.247,70;594.371.456,00
22.03.2018;145.156,95;145.415,09;143.406,92;143.468,70;509.214.304,00
23.03.2018;141.929,02;143.139,73;141.469,69;142.753,30;664.082.624,00
26.03.2018;143.424,73;143.899,64;142.074,34;142.216,77;840.238.720,00
27.03.2018;143.749,48;143.994,44;141.899,11;141.899,11;630.424.320,00
28.03.2018;141.063,23;141.533,66;138.791,95;139.189,52;671.029.824,00
29.03.2018;138.642,38;140.368,70;138.140,14;140.063,36;521.714.976,00
30.03.2018;140.805,69;141.460,78;139.914,69;140.128,64;466.449.536,00
2.04.2018;140.463,98;140.709,92;139.298,47;139.298,47;251.992.064,00
3.04.2018;139.008,62;140.021,97;138.826,77;139.556,67;612.115.584,00
4.04.2018;139.831,77;139.974,12;138.037,88;138.982,97;612.825.408,00
5.04.2018;139.395,14;140.956,59;139.059,61;140.564,62;855.543.360,00
6.04.2018;140.095,38;140.691,06;139.587,70;139.942,84;530.437.472,00
9.04.2018;140.697,70;140.800,31;137.352,22;138.215,06;542.419.392,00
10.04.2018;138.591,70;138.667,20;134.343,11;135.196,00;778.225.664,00
11.04.2018;134.639,55;136.262,00;130.467,14;133.510,77;864.955.904,00
12.04.2018;133.343,48;135.073,45;132.339,77;134.890,41;722.622.912,00
13.04.2018;135.395,91;135.513,88;133.213,94;134.071,91;584.496.832,00
16.04.2018;134.386,98;135.893,52;134.298,73;135.226,84;521.153.184,00
17.04.2018;136.241,34;136.487,14;132.095,53;133.074,94;926.468.672,00
18.04.2018;132.833,34;137.296,56;131.549,92;137.296,56;963.226.048,00
19.04.2018;137.229,33;137.710,31;136.659,73;137.225,55;674.775.680,00
20.04.2018;137.016,23;137.072,03;135.389,69;135.686,11;487.837.504,00
24.04.2018;135.274,41;135.364,19;134.205,02;134.540,73;545.393.280,00
25.04.2018;135.007,52;135.126,86;130.480,34;131.361,91;779.372.992,00
26.04.2018;131.968,52;132.382,48;129.921,93;130.862,15;529.571.936,00
27.04.2018;131.073,92;132.406,34;130.346,44;131.563,58;599.273.152,00
30.04.2018;132.051,55;132.322,42;126.364,24;126.928,26;579.991.808,00
2.05.2018;127.793,26;128.547,86;125.560,79;127.976,68;747.904.448,00
3.05.2018;127.905,00;128.209,62;125.267,21;125.662,74;786.067.584,00
4.05.2018;125.445,84;126.242,99;123.901,90;125.254,74;807.926.272,00
7.05.2018;125.317,32;125.449,35;122.606,47;122.979,71;523.844.928,00
8.05.2018;123.726,18;124.035,29;120.944,25;121.595,92;776.314.624,00
9.05.2018;120.925,57;124.853,02;120.166,76;123.729,01;736.010.560,00
10.05.2018;124.344,08;125.886,10;121.836,27;125.886,10;711.077.120,00
11.05.2018;126.000,62;126.424,21;124.242,62;125.061,30;599.288.576,00
14.05.2018;124.924,66;127.502,88;124.695,14;127.113,39;539.795.392,00
15.05.2018;125.647,58;126.634,76;124.353,97;124.896,10;746.406.912,00
16.05.2018;124.992,56;126.674,70;123.735,17;125.866,56;772.813.504,00
17.05.2018;126.568,89;126.693,04;125.002,40;125.479,32;643.007.360,00
18.05.2018;125.682,39;126.815,73;125.395,66;126.112,71;529.497.856,00
21.05.2018;125.790,88;127.242,20;125.463,79;126.001,27;539.366.016,00
22.05.2018;126.583,65;128.075,79;126.057,55;127.460,60;707.371.200,00
23.05.2018;126.786,94;127.660,23;125.103,77;125.746,33;817.051.328,00
24.05.2018;127.245,99;128.191,37;124.412,22;124.775,38;884.963.520,00
25.05.2018;125.622,88;127.838,76;125.003,58;127.631,74;717.369.728,00
28.05.2018;129.228,20;131.700,95;129.120,06;131.700,95;639.392.128,00
29.05.2018;130.774,09;130.774,09;128.719,25;129.732,42;584.906.112,00
30.05.2018;129.565,93;130.604,64;127.729,06;127.923,32;676.601.152,00
31.05.2018;128.370,83;128.520,94;123.648,55;123.648,55;846.424.000,00
1.06.2018;123.761,62;123.862,73;120.347,88;121.786,95;928.669.184,00
4.06.2018;121.860,30;123.459,94;121.288,31;121.649,14;621.377.600,00
5.06.2018;122.144,54;122.484,93;119.750,51;119.891,28;568.655.552,00
6.06.2018;120.417,90;120.554,42;116.497,40;118.639,20;799.971.648,00
7.06.2018;118.257,72;121.567,84;117.839,39;121.429,34;892.012.224,00
8.06.2018;120.837,01;120.837,01;117.335,45;117.651,46;785.871.808,00
11.06.2018;117.672,29;119.502,66;114.614,33;118.806,48;887.684.608,00
12.06.2018;118.535,46;118.854,65;116.642,43;117.136,99;656.232.512,00
13.06.2018;116.493,23;117.558,07;114.875,26;115.120,51;603.871.680,00
14.06.2018;114.806,28;117.452,83;114.086,60;116.354,08;351.328.096,00
18.06.2018;115.905,01;115.905,01;113.819,95;114.197,46;505.166.336,00
19.06.2018;113.607,88;116.429,82;113.217,65;116.040,02;692.360.256,00
20.06.2018;115.724,70;117.026,98;114.982,36;116.090,07;639.777.408,00
21.06.2018;116.203,43;117.059,20;115.754,49;116.559,72;565.384.512,00
22.06.2018;117.142,84;117.998,61;115.746,83;117.515,81;533.041.664,00
25.06.2018;121.713,30;121.882,96;114.297,63;115.181,91;972.311.296,00
26.06.2018;115.216,49;116.698,77;114.968,45;115.806,90;654.071.232,00
27.06.2018;115.786,98;118.079,08;115.541,90;117.742,40;856.635.712,00
28.06.2018;117.492,66;119.012,52;117.036,65;118.083,16;736.262.912,00
29.06.2018;118.814,74;119.545,70;117.825,03;118.103,89;671.250.368,00
2.07.2018;117.499,22;119.002,42;116.900,50;118.441,56;673.691.584,00
3.07.2018;118.766,93;119.402,22;118.170,85;118.401,12;649.649.344,00
4.07.2018;118.640,43;119.526,38;118.052,13;119.266,43;588.271.104,00
5.07.2018;119.678,32;121.916,23;119.678,32;121.724,83;819.552.960,00
6.07.2018;121.953,12;122.647,60;120.521,09;121.422,40;803.843.968,00
9.07.2018;122.578,11;124.289,59;121.497,24;122.137,50;956.519.232,00
10.07.2018;120.085,56;121.061,14;117.704,67;118.263,23;1.265.443.456,00
11.07.2018;117.038,89;117.038,89;112.042,39;112.183,34;1.404.167.296,00
12.07.2018;112.736,31;113.609,32;108.301,04;110.157,79;1.464.029.568,00
13.07.2018;110.620,51;111.902,91;109.637,80;110.326,83;795.209.536,00
16.07.2018;111.359,78;111.742,59;109.241,38;109.973,28;843.012.480,00
17.07.2018;110.029,21;112.504,35;109.944,38;112.494,89;1.026.650.880,00
18.07.2018;112.575,68;113.514,40;111.009,96;113.505,96;1.193.406.336,00
19.07.2018;114.051,49;114.670,13;113.292,26;114.264,38;863.131.968,00
20.07.2018;114.565,39;115.621,93;113.891,99;115.446,38;681.432.384,00
23.07.2018;115.543,29;118.023,14;115.543,29;117.107,01;746.732.544,00
24.07.2018;117.404,00;117.441,03;112.638,77;112.932,26;1.078.588.928,00
25.07.2018;113.207,11;117.816,42;112.960,06;117.203,51;1.194.411.904,00
26.07.2018;117.720,11;118.893,59;114.782,89;116.489,04;1.138.894.720,00
27.07.2018;116.618,25;118.023,56;116.002,79;117.514,77;837.110.976,00
30.07.2018;117.167,07;118.379,51;116.532,44;118.166,40;688.391.232,00
31.07.2018;117.822,73;119.701,06;117.648,84;119.450,45;790.978.816,00
1.08.2018;119.677,86;120.194,22;118.564,48;119.907,83;788.351.936,00
2.08.2018;117.764,42;117.764,42;116.156,42;116.698,90;827.668.352,00
3.08.2018;116.599,94;118.455,34;116.599,94;117.758,25;881.302.720,00
6.08.2018;117.284,87;117.573,44;115.182,76;115.930,88;856.879.936,00
7.08.2018;116.514,71;119.040,68;116.330,06;118.689,57;1.026.979.200,00
8.08.2018;118.856,36;120.102,42;118.418,57;119.619,52;920.305.984,00
9.08.2018;117.728,34;122.024,41;117.506,15;119.951,05;1.734.662.912,00
10.08.2018;118.023,20;121.045,20;109.734,36;117.375,79;1.752.801.408,00
13.08.2018;116.164,93;116.164,93;109.382,48;114.364,90;2.017.081.856,00
14.08.2018;117.098,41;117.905,44;114.439,69;115.209,84;1.383.823.104,00
15.08.2018;117.444,35;117.664,93;111.147,66;111.448,95;1.325.283.712,00
16.08.2018;113.030,39;113.134,91;107.372,28;107.372,28;1.232.185.216,00
17.08.2018;106.605,47;110.019,17;104.259,82;109.975,39;1.046.247.168,00
20.08.2018;110.242,26;112.233,52;110.172,82;111.711,66;289.984.352,00
27.08.2018;112.696,13;112.990,97;111.323,32;112.901,08;662.215.424,00
28.08.2018;112.838,62;116.411,00;112.414,30;116.260,56;897.067.072,00
29.08.2018;115.574,18;116.741,74;114.808,67;115.401,07;783.968.512,00
31.08.2018;115.704,77;115.926,22;113.740,62;114.410,36;757.273.088,00
3.09.2018;113.740,74;116.697,99;113.620,67;115.616,16;795.494.720,00
4.09.2018;116.040,22;116.336,45;114.190,46;114.571,22;626.943.296,00
5.09.2018;114.405,27;115.254,38;113.437,44;114.030,97;727.639.168,00
6.09.2018;114.412,46;115.696,36;113.832,26;113.832,26;538.718.272,00
7.09.2018;114.334,42;115.148,80;113.504,58;114.590,98;680.270.848,00
10.09.2018;114.941,94;115.096,83;112.787,00;112.807,71;660.710.720,00
11.09.2018;113.029,42;114.200,63;112.496,64;113.792,85;584.100.160,00
12.09.2018;114.328,17;115.314,82;113.259,87;113.612,28;740.506.560,00
13.09.2018;113.551,91;116.667,82;112.368,39;116.395,28;1.242.408.576,00
14.09.2018;117.559,71;118.927,55;116.399,62;116.889,26;1.249.621.248,00
17.09.2018;116.409,27;117.300,81;115.680,47;116.432,55;803.531.456,00
18.09.2018;116.904,58;117.740,13;116.664,22;117.029,98;703.879.424,00
19.09.2018;117.815,74;119.570,96;117.380,38;119.370,00;1.093.052.800,00
20.09.2018;119.843,24;120.402,90;117.989,68;118.751,49;1.528.566.016,00
21.09.2018;119.345,74;121.402,02;119.345,74;121.402,02;980.228.224,00
24.09.2018;121.737,97;123.575,75;121.051,55;123.572,50;1.544.730.112,00
25.09.2018;124.289,54;124.398,68;122.203,51;123.180,19;1.379.149.440,00
26.09.2018;123.453,75;123.763,28;121.608,02;122.963,31;965.109.504,00
27.09.2018;122.827,56;124.895,80;122.578,37;124.359,97;1.713.323.520,00
28.09.2018;124.509,17;124.651,27;122.941,57;123.951,04;1.663.047.552,00
1.10.2018;124.045,57;124.875,34;122.032,01;122.032,01;1.377.688.192,00
2.10.2018;121.862,43;122.256,22;120.469,65;121.548,57;1.055.251.648,00
3.10.2018;121.614,95;122.299,77;120.049,80;120.297,10;1.069.201.024,00
4.10.2018;120.102,73;120.132,31;117.141,43;117.152,17;1.035.603.456,00
5.10.2018;116.858,42;117.712,03;115.349,68;117.536,56;1.012.592.128,00
8.10.2018;116.451,90;119.489,01;116.003,35;119.336,28;1.142.635.520,00
9.10.2018;119.787,27;120.891,35;118.593,10;120.415,57;1.225.297.408,00
10.10.2018;120.833,75;120.957,49;117.482,16;117.482,16;1.096.377.728,00
11.10.2018;116.836,38;118.321,33;116.170,40;117.872,26;931.018.944,00
12.10.2018;119.136,93;121.201,66;115.927,68;120.310,30;1.468.309.760,00
15.10.2018;121.200,17;123.497,84;121.182,39;122.901,85;1.270.160.256,00
16.10.2018;122.733,55;123.631,00;121.862,91;122.642,83;1.105.031.424,00
17.10.2018;123.638,34;124.051,04;121.961,10;123.303,71;1.171.345.280,00
18.10.2018;123.209,33;123.447,77;120.904,16;121.278,33;936.262.528,00
19.10.2018;121.717,77;121.872,68;119.668,99;119.852,90;868.447.744,00
22.10.2018;120.871,20;121.122,80;117.627,60;117.627,60;763.067.136,00
23.10.2018;116.732,77;117.415,77;114.833,46;116.209,73;975.477.888,00
24.10.2018;116.735,64;117.093,70;115.133,14;115.133,14;762.945.792,00
25.10.2018;114.608,70;116.895,47;114.330,91;116.895,47;832.738.880,00
26.10.2018;117.184,15;117.257,27;112.911,96;112.911,96;707.056.000,00
30.10.2018;113.325,85;114.039,60;110.279,28;112.173,08;863.269.568,00
31.10.2018;112.765,32;114.637,55;111.084,76;112.459,25;967.266.176,00
1.11.2018;112.481,41;115.426,92;112.062,13;115.366,05;845.292.800,00
2.11.2018;115.498,34;118.320,52;115.498,34;117.649,87;1.192.506.624,00
5.11.2018;118.147,10;120.168,46;117.112,29;120.168,46;1.043.715.840,00
6.11.2018;120.382,45;120.555,61;117.784,16;118.603,13;1.045.742.272,00
7.11.2018;118.457,77;120.381,60;117.866,47;119.639,99;966.144.448,00
8.11.2018;119.639,67;119.770,62;116.535,74;116.832,12;1.039.161.984,00
9.11.2018;116.617,73;117.073,87;115.182,04;116.042,35;850.918.080,00
12.11.2018;116.239,25;117.183,30;114.424,67;114.424,67;696.502.272,00
13.11.2018;114.534,90;116.776,29;114.204,54;116.229,85;850.215.296,00
14.11.2018;115.925,48;117.777,74;115.230,67;117.204,76;1.039.968.768,00
15.11.2018;117.442,71;118.061,37;116.280,39;117.023,48;909.142.592,00
16.11.2018;117.660,63;118.424,96;116.273,06;117.432,60;671.989.120,00
19.11.2018;117.284,87;118.693,75;117.284,87;118.631,38;680.953.344,00
20.11.2018;118.220,12;118.437,41;114.711,01;114.857,75;914.004.032,00
21.11.2018;115.327,37;116.195,52;114.755,30;116.195,52;722.410.368,00
22.11.2018;116.239,27;116.561,25;115.105,12;116.087,43;503.596.384,00
23.11.2018;116.013,40;116.632,08;115.288,39;116.632,08;501.181.536,00
26.11.2018;117.332,90;118.632,29;117.234,76;117.842,57;893.079.616,00
27.11.2018;117.772,84;118.058,22;116.404,31;116.977,85;818.954.304,00
28.11.2018;117.310,19;118.417,70;117.310,19;117.643,57;701.315.904,00
29.11.2018;118.819,73;119.518,60;118.458,10;118.867,82;804.924.736,00
30.11.2018;118.876,78;119.324,90;118.126,71;119.324,90;1.063.284.800,00
3.12.2018;120.562,66;121.176,85;118.788,12;118.788,12;1.016.349.952,00
4.12.2018;118.240,08;119.448,94;116.678,27;117.174,69;921.900.032,00
5.12.2018;115.962,42;117.519,48;115.699,13;117.193,92;832.850.368,00
6.12.2018;116.553,26;116.987,16;115.087,23;115.692,58;663.306.816,00
7.12.2018;116.630,67;117.115,08;116.191,36;116.962,91;595.795.008,00
10.12.2018;116.337,76;116.582,52;114.965,73;115.028,28;577.196.352,00
11.12.2018;115.266,64;115.605,71;114.393,90;114.577,49;661.106.496,00
12.12.2018;115.065,78;115.351,32;112.390,09;112.441,72;851.462.016,00
13.12.2018;113.086,61;114.359,25;112.958,56;114.195,59;636.755.840,00
14.12.2018;113.801,22;114.011,41;111.607,58;113.191,70;659.918.336,00
17.12.2018;113.268,40;113.895,03;112.430,25;112.621,12;434.687.808,00
18.12.2018;112.220,72;114.189,81;112.083,73;114.189,81;611.630.976,00
19.12.2018;114.528,92;116.085,06;114.138,58;116.068,69;713.093.888,00
20.12.2018;115.154,46;115.833,60;114.422,63;115.122,04;677.887.552,00
21.12.2018;115.003,47;115.629,01;113.817,54;115.120,10;696.940.672,00
24.12.2018;115.434,37;115.861,02;114.601,26;114.632,59;410.686.048,00
25.12.2018;113.933,90;114.273,05;113.292,38;113.699,18;248.971.168,00
26.12.2018;114.106,36;114.459,13;113.506,42;113.966,51;199.444.208,00
27.12.2018;115.023,65;115.206,70;113.731,55;114.116,61;403.658.880,00
28.12.2018;114.403,75;114.865,36;112.962,21;113.351,54;385.977.664,00
31.12.2018;113.715,73;114.407,21;113.105,06;114.342,94;260.582.528,00
2.01.2019;113.944,58;113.952,00;110.816,49;111.130,62;558.946.816,00
3.01.2019;110.508,14;112.225,16;109.484,98;109.484,98;687.411.136,00
4.01.2019;110.120,95;111.782,48;110.120,95;111.396,53;693.406.016,00
7.01.2019;112.205,45;113.282,89;111.940,43;112.893,95;701.627.648,00
8.01.2019;113.326,20;114.125,82;112.196,53;114.008,77;715.416.704,00
9.01.2019;114.440,77;114.891,30;113.742,69;114.530,07;845.929.920,00
10.01.2019;114.612,20;115.368,36;113.804,20;114.454,65;715.495.808,00
11.01.2019;114.860,55;115.599,49;114.577,51;115.158,32;586.649.728,00
14.01.2019;114.033,56;115.741,37;113.487,17;115.741,37;628.891.776,00
15.01.2019;116.508,54;117.421,39;116.335,80;117.275,82;792.234.048,00
16.01.2019;117.514,39;120.495,41;117.068,43;120.476,45;1.188.676.864,00
17.01.2019;120.531,95;123.137,37;120.023,56;122.352,59;1.349.665.792,00
18.01.2019;122.865,03;124.740,84;122.606,77;124.427,99;1.022.831.680,00
21.01.2019;124.606,37;126.215,19;123.170,82;123.597,45;1.148.564.480,00
22.01.2019;123.660,41;125.973,93;123.433,71;125.973,93;1.161.436.288,00
23.01.2019;126.044,51;127.041,30;125.037,88;126.442,15;1.162.341.120,00
24.01.2019;126.860,70;128.422,69;126.603,49;128.422,69;1.152.855.168,00
25.01.2019;128.926,02;129.152,01;127.729,70;128.276,41;969.535.744,00
28.01.2019;128.267,68;129.625,14;127.506,49;127.576,39;894.371.520,00
29.01.2019;127.664,27;131.221,28;127.296,78;131.221,28;1.028.080.960,00
30.01.2019;131.288,02;132.314,59;130.388,48;131.303,77;1.169.033.984,00
31.01.2019;133.077,59;133.621,28;130.308,57;131.194,38;1.396.955.648,00
1.02.2019;131.135,78;131.456,62;129.138,66;129.506,02;917.089.984,00
4.02.2019;129.623,72;130.281,83;128.162,17;128.596,57;729.297.920,00
5.02.2019;129.309,05;130.782,63;127.955,86;128.951,16;1.140.564.736,00
6.02.2019;129.527,62;129.766,30;127.669,30;128.869,72;1.019.331.264,00
7.02.2019;129.088,68;129.323,42;127.940,94;129.138,46;892.247.680,00
8.02.2019;128.694,45;129.120,85;128.296,86;128.712,27;712.492.800,00
11.02.2019;129.862,40;131.820,55;129.831,60;131.407,86;941.652.032,00
12.02.2019;131.739,14;132.145,61;130.005,04;130.537,53;1.052.585.472,00
13.02.2019;131.320,66;131.484,33;127.931,66;127.934,30;1.068.344.256,00
14.02.2019;128.328,39;129.433,80;126.984,73;128.785,77;1.087.727.360,00
15.02.2019;128.672,23;129.974,52;127.507,30;129.612,03;947.803.328,00
18.02.2019;129.760,30;130.135,59;128.173,19;128.173,19;907.633.984,00
19.02.2019;128.323,72;128.499,10;126.816,48;128.172,24;844.674.112,00
20.02.2019;128.478,19;129.154,65;127.638,35;128.163,21;771.063.104,00
21.02.2019;128.261,08;129.269,43;127.695,37;128.686,31;755.760.832,00
22.02.2019;129.153,09;129.881,33;128.781,11;129.511,94;723.817.024,00
25.02.2019;130.421,41;132.001,08;130.421,41;130.920,49;992.731.584,00
26.02.2019;130.750,64;131.946,59;130.295,70;131.946,59;839.284.224,00
27.02.2019;131.961,56;132.161,97;130.710,84;130.758,40;880.883.520,00
28.02.2019;130.881,56;132.059,62;130.814,58;131.328,11;810.863.872,00
1.03.2019;131.495,89;131.687,25;129.062,52;129.410,57;884.345.280,00
4.03.2019;129.761,75;131.089,06;129.548,83;130.560,63;898.933.824,00
5.03.2019;130.169,49;131.383,69;129.537,29;129.907,91;1.171.739.008,00
6.03.2019;130.256,02;131.341,42;129.151,40;129.328,21;846.513.408,00
7.03.2019;129.900,24;130.403,19;127.939,33;127.952,82;961.090.816,00
8.03.2019;128.045,87;128.240,62;126.271,71;127.108,29;736.200.576,00
11.03.2019;127.507,37;128.097,54;126.081,43;126.332,41;732.265.600,00
12.03.2019;127.114,80;128.156,41;126.584,15;127.711,39;779.872.512,00
13.03.2019;127.811,86;128.865,74;126.945,37;128.405,23;820.937.856,00
14.03.2019;128.505,79;129.155,34;128.091,32;128.627,08;894.325.248,00
15.03.2019;129.204,54;129.709,08;128.778,84;129.601,23;1.165.582.336,00
18.03.2019;130.239,49;131.804,00;130.239,49;131.501,09;998.330.176,00
19.03.2019;131.545,94;133.272,95;130.805,75;131.829,33;1.284.249.984,00
20.03.2019;131.669,17;132.053,19;129.485,74;129.621,04;1.490.996.992,00
21.03.2019;130.306,25;130.901,25;128.570,46;129.821,30;1.179.196.160,00
22.03.2019;130.110,33;130.238,94;125.102,19;125.331,54;1.394.425.344,00
25.03.2019;125.600,52;126.078,59;123.630,96;124.757,48;1.290.916.864,00
26.03.2019;125.628,57;125.960,66;121.826,44;122.205,24;1.184.968.064,00
27.03.2019;122.786,30;122.957,81;113.196,89;115.037,79;1.630.527.744,00
28.03.2019;114.066,20;117.473,44;113.542,10;115.442,23;1.720.404.992,00
29.03.2019;115.883,74;118.161,68;115.044,89;117.550,17;982.048.384,00
1.04.2019;117.649,07;118.990,20;114.914,10;117.486,28;1.212.778.496,00
2.04.2019;116.824,61;119.146,95;116.242,40;116.673,05;926.370.304,00
3.04.2019;117.475,85;118.485,93;117.275,72;117.885,32;795.476.352,00
4.04.2019;117.883,15;123.382,09;117.610,14;123.382,09;1.130.721.664,00
5.04.2019;124.286,67;124.659,76;122.194,52;124.010,09;1.176.430.464,00
8.04.2019;124.277,10;124.400,45;121.272,61;121.605,50;846.903.552,00
9.04.2019;123.011,96;124.017,67;122.266,41;123.090,93;1.002.092.928,00
10.04.2019;123.445,08;123.514,19;121.509,83;121.584,02;946.216.256,00
11.04.2019;121.866,44;122.358,28;120.271,97;120.297,70;725.075.200,00
12.04.2019;119.795,79;120.474,86;119.006,48;120.186,21;619.227.520,00
15.04.2019;119.840,14;120.856,29;118.985,20;118.985,20;564.289.088,00
16.04.2019;119.642,13;121.575,56;119.642,13;121.209,21;774.326.976,00
17.04.2019;121.976,78;123.883,01;121.888,04;123.151,38;913.037.504,00
18.04.2019;122.711,66;122.751,73;120.991,08;121.298,48;768.948.736,00
19.04.2019;121.607,27;121.817,56;120.996,97;121.121,65;289.608.896,00
22.04.2019;120.471,28;120.536,09;119.734,15;119.888,99;305.730.208,00
24.04.2019;119.682,80;120.536,69;119.582,18;120.016,20;618.459.584,00
25.04.2019;120.208,72;120.403,43;116.915,83;117.735,73;722.130.496,00
26.04.2019;118.252,36;118.698,11;117.203,48;118.149,97;564.269.568,00
29.04.2019;118.468,24;118.559,04;117.438,05;117.812,90;635.317.568,00
30.04.2019;118.035,95;119.431,32;118.035,95;119.012,39;685.613.824,00
2.05.2019;119.444,26;119.863,91;117.031,12;117.384,86;530.103.584,00
3.05.2019;117.500,85;117.805,88;116.532,66;117.284,56;438.773.696,00
6.05.2019;115.975,94;116.335,66;114.257,47;116.178,80;473.788.384,00
7.05.2019;113.369,12;114.742,77;113.257,77;114.094,88;701.927.680,00
8.05.2019;113.044,36;114.188,15;111.746,20;112.481,57;745.205.376,00
9.05.2019;112.447,74;112.877,05;110.265,18;110.307,73;687.261.440,00
10.05.2019;111.300,05;111.798,07;109.768,03;110.068,52;739.347.136,00
13.05.2019;110.170,20;110.309,10;106.214,32;107.372,16;889.871.232,00
14.05.2019;107.784,51;109.947,09;107.115,42;109.947,09;935.035.776,00
15.05.2019;109.964,82;110.012,30;107.344,80;109.230,48;806.615.744,00
16.05.2019;109.608,94;110.689,47;108.802,08;108.969,04;865.874.496,00
17.05.2019;108.578,65;109.495,26;108.073,35;108.497,56;826.742.848,00
20.05.2019;108.663,26;109.007,07;108.157,12;108.587,44;651.276.928,00
21.05.2019;108.797,22;109.058,52;106.129,67;106.601,49;785.564.160,00
22.05.2019;106.217,21;107.032,18;104.503,21;104.503,21;751.159.360,00
23.05.2019;104.323,87;105.950,91;104.323,87;105.752,42;763.306.880,00
24.05.2019;106.248,33;108.170,43;106.183,54;107.551,25;920.367.104,00
27.05.2019;108.112,31;108.674,44;106.427,05;106.726,32;570.349.376,00
28.05.2019;107.470,11;109.783,28;107.470,11;108.211,69;900.584.640,00
29.05.2019;108.444,23;109.524,13;107.989,92;108.801,28;707.378.048,00
30.05.2019;109.924,42;112.405,21;109.924,42;112.405,21;932.819.456,00
31.05.2019;112.121,15;113.339,75;111.094,71;113.339,75;735.501.632,00
3.06.2019;112.939,89;113.663,26;112.191,89;112.987,29;250.971.600,00
7.06.2019;113.281,27;117.651,69;112.846,74;117.651,69;751.722.816,00
10.06.2019;117.536,56;118.428,16;116.490,42;117.887,55;1.006.498.048,00
11.06.2019;118.200,18;118.525,21;115.946,93;116.150,73;960.832.064,00
12.06.2019;116.030,98;117.327,79;115.548,37;115.883,22;777.048.128,00
13.06.2019;115.269,51;115.269,51;113.118,06;113.136,34;733.141.952,00
14.06.2019;113.609,74;114.185,24;112.466,63;113.508,69;719.663.040,00
17.06.2019;113.116,28;115.813,21;112.922,17;115.461,00;813.371.392,00
18.06.2019;115.496,34;117.942,28;115.134,38;117.880,85;922.057.280,00
19.06.2019;117.544,62;118.638,59;116.687,72;117.972,29;1.041.166.080,00
20.06.2019;119.292,15;120.341,04;117.729,41;117.831,37;1.321.554.688,00
21.06.2019;117.634,59;118.083,42;116.378,70;117.766,70;802.872.832,00
24.06.2019;120.508,54;120.689,37;118.931,67;119.319,00;968.336.128,00
25.06.2019;119.094,67;120.283,69;118.495,80;119.468,53;921.339.392,00
26.06.2019;119.580,22;119.987,46;118.221,01;118.582,11;723.123.712,00
27.06.2019;119.154,31;120.035,23;119.139,27;119.521,31;760.543.232,00
28.06.2019;119.826,49;121.135,74;119.495,83;120.923,69;662.032.256,00
1.07.2019;123.904,02;125.668,08;123.426,77;125.366,67;1.248.882.560,00
2.07.2019;125.399,55;126.011,99;124.497,41;125.704,62;987.912.320,00
3.07.2019;126.077,12;126.131,99;124.454,03;124.757,44;827.695.168,00
4.07.2019;125.269,96;125.638,08;123.772,35;125.016,01;686.345.984,00
5.07.2019;125.010,15;126.472,09;124.740,41;125.386,44;1.064.273.152,00
8.07.2019;123.459,20;124.541,85;123.130,78;124.012,19;974.667.904,00
9.07.2019;124.026,40;124.540,13;121.654,93;121.726,91;1.159.018.112,00
10.07.2019;121.754,68;124.228,95;121.085,55;124.007,99;1.087.429.632,00
11.07.2019;125.143,87;125.517,56;124.459,18;125.098,05;881.126.208,00
12.07.2019;125.177,07;125.751,69;121.926,68;122.239,10;1.013.861.184,00
16.07.2019;123.322,84;124.581,24;122.955,73;123.488,94;797.203.392,00
17.07.2019;123.995,93;126.039,46;123.432,69;125.839,44;949.871.168,00
18.07.2019;125.688,22;128.634,33;125.214,92;128.236,93;1.059.725.120,00
19.07.2019;129.351,34;129.990,80;128.334,45;128.618,42;1.106.013.056,00
22.07.2019;128.549,77;128.893,49;127.143,85;127.444,17;660.103.232,00
23.07.2019;127.623,21;130.092,65;127.416,97;129.529,73;893.858.816,00
24.07.2019;129.894,41;130.744,56;128.425,00;130.744,56;871.321.216,00
25.07.2019;131.020,81;131.515,70;127.989,72;128.557,17;1.261.878.272,00
26.07.2019;128.851,55;130.237,56;127.832,05;129.673,21;785.139.840,00
29.07.2019;130.037,17;130.609,89;129.154,84;130.405,88;666.942.272,00
30.07.2019;130.600,44;130.618,54;128.285,04;129.216,66;833.211.776,00
31.07.2019;129.695,82;129.697,11;127.571,41;128.365,73;826.926.400,00
1.08.2019;127.362,20;128.330,09;126.904,88;128.050,24;790.573.312,00
2.08.2019;127.539,24;127.736,68;124.927,86;125.005,23;691.095.424,00
5.08.2019;124.605,01;125.394,71;123.378,29;123.663,01;656.838.848,00
6.08.2019;124.071,66;125.608,52;123.924,44;124.950,21;674.140.544,00
7.08.2019;125.548,19;125.748,44;122.425,06;122.914,48;875.447.040,00
8.08.2019;124.232,30;124.433,80;122.252,67;124.014,81;826.385.472,00
9.08.2019;124.120,85;124.910,20;123.422,44;124.236,97;702.631.616,00
15.08.2019;123.053,55;123.121,26;120.464,25;120.570,38;781.099.328,00
16.08.2019;121.381,52;121.823,88;119.259,81;119.259,81;769.645.184,00
19.08.2019;120.342,74;120.603,14;118.264,09;118.532,04;745.960.896,00
20.08.2019;118.776,02;120.122,50;118.488,13;119.285,46;795.938.688,00
21.08.2019;119.473,84;119.824,51;118.479,53;118.846,39;766.698.112,00
22.08.2019;119.058,14;119.614,98;117.325,95;118.674,02;804.045.888,00
23.08.2019;119.080,08;121.352,77;118.414,00;121.001,05;844.274.560,00
26.08.2019;119.048,15;121.336,54;119.048,15;120.907,13;794.525.632,00
27.08.2019;121.235,72;121.235,72;119.228,13;119.462,18;864.447.104,00
28.08.2019;120.044,12;120.152,44;118.352,31;119.106,04;802.597.184,00
29.08.2019;119.269,97;120.508,22;118.806,93;119.871,67;737.688.448,00
2.09.2019;119.882,96;122.525,14;119.882,96;122.136,30;780.726.272,00
3.09.2019;121.996,64;123.562,81;121.469,85;122.690,40;960.761.152,00
4.09.2019;123.787,59;124.423,67;123.131,32;124.120,79;853.557.056,00
5.09.2019;124.822,70;125.247,29;123.816,36;124.415,50;1.027.662.272,00
6.09.2019;124.237,65;124.528,65;122.582,72;122.644,37;901.955.072,00
9.09.2019;123.833,16;125.701,94;123.833,16;124.964,23;1.015.517.184,00
10.09.2019;124.932,59;126.098,30;124.581,16;125.864,86;1.044.902.848,00
11.09.2019;126.351,21;127.237,29;125.986,52;126.851,84;952.447.808,00
12.09.2019;127.359,04;128.353,45;126.678,49;127.718,82;1.108.087.552,00
13.09.2019;128.038,97;128.563,32;127.370,86;128.323,00;776.955.648,00
16.09.2019;127.538,90;128.490,15;126.951,37;127.438,24;904.677.952,00
17.09.2019;127.518,81;127.518,81;125.218,65;125.919,06;1.208.925.440,00
18.09.2019;125.876,98;126.578,43;124.581,22;126.392,98;1.029.520.832,00
19.09.2019;126.551,08;126.604,94;123.760,42;124.155,12;1.095.293.824,00
20.09.2019;124.565,56;125.048,33;123.692,15;124.071,23;1.214.534.528,00
23.09.2019;124.304,69;124.662,84;123.196,26;123.780,31;784.932.160,00
24.09.2019;125.654,80;126.678,87;125.654,80;126.181,83;987.437.120,00
25.09.2019;125.908,23;127.248,91;125.716,07;127.248,91;800.452.032,00
26.09.2019;127.627,24;127.868,26;126.224,14;126.298,80;820.059.136,00
27.09.2019;126.637,20;130.943,03;126.637,20;130.830,80;1.481.151.104,00
30.09.2019;131.550,22;131.740,69;130.460,65;130.558,54;1.056.957.952,00
1.10.2019;130.820,76;130.822,58;127.869,76;128.761,49;1.122.035.968,00
2.10.2019;128.670,25;129.583,33;127.744,02;128.198,40;959.404.992,00
3.10.2019;128.697,01;129.884,51;126.172,20;127.084,52;928.469.632,00
4.10.2019;127.579,37;128.426,34;127.060,44;127.930,87;833.699.072,00
7.10.2019;127.644,23;130.260,90;126.667,63;127.276,57;1.376.650.624,00
8.10.2019;126.446,99;127.610,35;124.768,56;126.343,76;1.479.207.808,00
9.10.2019;126.679,94;127.251,23;123.568,93;123.623,62;1.032.088.576,00
10.10.2019;124.086,13;124.449,49;120.991,20;122.627,89;1.165.853.440,00
11.10.2019;123.156,20;123.946,52;122.562,09;122.924,71;927.653.184,00
14.10.2019;121.451,95;121.713,03;116.028,58;116.648,35;1.371.637.248,00
15.10.2019;118.741,71;119.059,47;117.708,23;118.149,02;940.003.904,00
16.10.2019;115.808,03;116.976,57;115.330,31;116.620,97;667.661.248,00
17.10.2019;116.593,07;117.972,79;115.089,65;117.639,77;592.635.328,00
18.10.2019;122.189,65;122.537,78;121.575,49;122.039,71;770.179.392,00
21.10.2019;122.075,33;122.075,33;120.216,04;120.450,43;595.519.232,00
22.10.2019;120.686,89;121.814,18;120.331,17;121.158,66;699.862.528,00
23.10.2019;122.284,85;123.612,21;122.019,09;123.531,71;872.899.712,00
24.10.2019;124.381,47;125.323,99;123.820,33;124.189,83;966.512.832,00
25.10.2019;124.051,85;124.582,92;123.760,00;123.951,86;562.463.680,00
28.10.2019;124.124,26;124.349,18;123.280,97;123.280,97;204.516.432,00
