Date;Open;High;Low;Close
11.09.2015;11;11,02;10,95;11,02
14.09.2015;11,04;11,12;11,03;11,11
15.09.2015;11,14;11,2;11,14;11,2
16.09.2015;11,17;11,18;11,1;11,1
17.09.2015;11,07;11,1;11,04;11,08
18.09.2015;11,02;11,02;10,95;10,95
21.09.2015;10,87;10,88;10,87;10,87
22.09.2015;10,87;11,01;10,87;11,01
23.09.2015;11,13;11,13;11,13;11,13
28.09.2015;11,28;11,28;11,28;11,28
29.09.2015;11,38;11,38;11,38;11,38
30.09.2015;11,32;11,32;11,26;11,29
1.10.2015;11,23;11,23;11,23;11,23
2.10.2015;11,15;11,17;11,07;11,17
5.10.2015;10,85;10,85;10,73;10,73
6.10.2015;10,64;10,77;10,64;10,77
7.10.2015;10,58;10,67;10,5;10,67
8.10.2015;10,7;10,72;10,58;10,58
9.10.2015;10,55;10,55;10,4;10,4
12.10.2015;10,57;10,57;10,57;10,57
13.10.2015;10,68;10,71;10,65;10,65
14.10.2015;10,68;10,68;10,65;10,65
15.10.2015;10,18;10,26;10,18;10,26
16.10.2015;10,2;10,28;10,2;10,2
19.10.2015;10,12;10,12;10,07;10,07
20.10.2015;10,07;10,07;10,07;10,07
21.10.2015;10,1;10,1;10,1;10,1
22.10.2015;10;10;9,85;9,98
23.10.2015;9,73;9,82;9,73;9,82
27.10.2015;9,96;10,08;9,96;10,08
30.10.2015;9,99;10,09;9,99;10,09
2.11.2015;9,61;9,61;9,48;9,48
3.11.2015;9,61;9,83;9,61;9,83
4.11.2015;9,7;9,81;9,7;9,81
5.11.2015;9,82;9,82;9,79;9,79
6.11.2015;9,85;9,85;9,85;9,85
9.11.2015;10,04;10,04;10,04;10,04
10.11.2015;10,1;10,1;10,1;10,1
11.11.2015;10,05;10,1;10,01;10,1
12.11.2015;10,09;10,09;10,02;10,04
13.11.2015;10,06;10,06;10,06;10,06
16.11.2015;10,12;10,12;10,12;10,12
17.11.2015;10,11;10,13;10,11;10,13
18.11.2015;10,15;10,25;10,15;10,22
19.11.2015;10,15;10,23;10,15;10,17
20.11.2015;10,17;10,17;10,13;10,13
23.11.2015;10,25;10,25;10,25;10,25
24.11.2015;10,41;10,58;10,41;10,52
25.11.2015;10,45;10,52;10,42;10,42
26.11.2015;10,58;10,58;10,55;10,55
27.11.2015;10,66;10,66;10,66;10,66
30.11.2015;10,45;10,49;10,45;10,49
1.12.2015;10,53;10,53;10,33;10,43
2.12.2015;10,33;10,33;10,33;10,33
3.12.2015;10,43;10,44;10,43;10,43
4.12.2015;10,67;10,67;10,6;10,6
7.12.2015;10,6;10,6;10,6;10,6
8.12.2015;10,68;10,68;10,68;10,68
9.12.2015;10,71;10,71;10,71;10,71
10.12.2015;10,71;10,72;10,71;10,72
11.12.2015;10,93;10,93;10,93;10,93
14.12.2015;11,02;11,02;11,02;11,02
15.12.2015;11,02;11,02;11,02;11,02
17.12.2015;11,02;11,02;11,02;11,02
18.12.2015;10,93;10,93;10,9;10,9
21.12.2015;10,82;10,82;10,82;10,82
22.12.2015;10,79;10,79;10,79;10,79
23.12.2015;11;11;11;11
28.12.2015;11;11;11;11
29.12.2015;10,9;10,94;10,9;10,94
30.12.2015;10,9;10,9;10,9;10,9
31.12.2015;10,91;10,92;10,81;10,84
4.01.2016;11,08;11,08;11,08;11,08
5.01.2016;11,08;11,3;11,08;11,3
6.01.2016;11,43;11,43;11,29;11,36
7.01.2016;11,32;11,32;11,32;11,32
8.01.2016;11,13;11,13;11,11;11,12
11.01.2016;11,36;11,36;11,36;11,36
12.01.2016;11,36;11,36;11,36;11,36
13.01.2016;11,17;11,17;10,79;11,1
14.01.2016;11,15;11,15;11,15;11,15
15.01.2016;11,21;11,21;11,21;11,21
18.01.2016;11,21;11,21;11,21;11,21
19.01.2016;11,22;11,22;11,22;11,22
20.01.2016;11,25;11,25;11,25;11,25
21.01.2016;11,23;11,23;11,23;11,23
22.01.2016;11,08;11,08;11,08;11,08
25.01.2016;10,98;11,02;10,98;11,02
26.01.2016;11,12;11,12;11,12;11,12
27.01.2016;10,95;10,95;10,95;10,95
28.01.2016;10,9;10,9;10,9;10,9
29.01.2016;10,82;10,85;10,82;10,85
1.02.2016;10,91;10,91;10,91;10,91
3.02.2016;10,89;10,89;10,86;10,86
4.02.2016;10,72;10,72;10,72;10,72
5.02.2016;10,72;10,73;10,63;10,73
8.02.2016;10,77;10,8;10,77;10,8
9.02.2016;10,83;10,83;10,83;10,83
10.02.2016;10,71;10,72;10,71;10,72
11.02.2016;10,83;10,83;10,83;10,83
12.02.2016;10,83;10,83;10,83;10,83
15.02.2016;10,9;10,9;10,9;10,9
17.02.2016;10,91;10,91;10,91;10,91
18.02.2016;10,97;10,97;10,97;10,97
19.02.2016;10,97;10,97;10,97;10,97
22.02.2016;10,84;10,85;10,84;10,85
23.02.2016;10,83;10,83;10,83;10,83
24.02.2016;10,83;10,83;10,83;10,83
25.02.2016;10,83;10,83;10,83;10,83
26.02.2016;10,74;10,74;10,74;10,74
29.02.2016;10,75;10,75;10,75;10,75
1.03.2016;10,68;10,68;10,6;10,6
2.03.2016;10,62;10,63;10,59;10,63
3.03.2016;10,39;10,39;10,39;10,39
4.03.2016;10,49;10,49;10,39;10,4
7.03.2016;10,4;10,4;10,4;10,4
8.03.2016;10,4;10,4;10,4;10,4
9.03.2016;10,19;10,19;10,19;10,19
10.03.2016;10,21;10,21;10,21;10,21
11.03.2016;10,19;10,19;10,15;10,15
14.03.2016;10,07;10,07;10,07;10,07
15.03.2016;10,12;10,12;10,12;10,12
16.03.2016;10,2;10,23;10,2;10,23
17.03.2016;9,99;9,99;9,92;9,99
18.03.2016;9,99;9,99;9,99;9,99
21.03.2016;9,98;9,98;9,98;9,98
22.03.2016;10,05;10,05;10,02;10,02
23.03.2016;10,02;10,02;10,02;10,02
25.03.2016;10,03;10,03;10,03;10,03
29.03.2016;9,99;9,99;9,99;9,99
30.03.2016;9,84;9,85;9,84;9,85
31.03.2016;9,84;9,85;9,82;9,85
1.04.2016;9,86;9,88;9,85;9,88
4.04.2016;9,87;9,87;9,81;9,81
5.04.2016;9,84;9,89;9,84;9,89
6.04.2016;9,84;9,91;9,84;9,88
7.04.2016;9,88;9,88;9,86;9,88
8.04.2016;9,91;9,91;9,91;9,91
11.04.2016;9,85;9,85;9,72;9,72
12.04.2016;9,61;9,68;9,54;9,61
13.04.2016;9,55;9,58;9,44;9,44
14.04.2016;9,47;9,51;9,34;9,34
15.04.2016;9,34;9,41;9,31;9,31
18.04.2016;9,17;9,25;9,17;9,25
19.04.2016;9,16;9,28;9,16;9,21
20.04.2016;9,24;9,24;9,02;9,05
21.04.2016;9,05;9,14;9,05;9,13
22.04.2016;9,12;9,13;9,1;9,11
25.04.2016;9,14;9,23;9,14;9,19
26.04.2016;9,17;9,17;9,12;9,14
27.04.2016;9,15;9,15;9,08;9,15
28.04.2016;9,1;9,18;9,09;9,16
29.04.2016;9,14;9,16;9,14;9,14
2.05.2016;9,12;9,12;9,12;9,12
3.05.2016;9,11;9,38;9,1;9,33
4.05.2016;9,37;9,55;9,37;9,48
5.05.2016;9,91;9,95;9,67;9,73
6.05.2016;9,73;9,78;9,7;9,78
9.05.2016;9,82;9,91;9,81;9,89
10.05.2016;9,89;10,13;9,89;10,13
11.05.2016;10;10,04;9,86;9,92
12.05.2016;9,83;10,04;9,79;9,82
13.05.2016;9,86;9,92;9,83;9,9
16.05.2016;9,97;10,13;9,97;10
17.05.2016;10;10,08;9,94;10,02
18.05.2016;10,01;10,19;10,01;10,16
20.05.2016;10,18;10,18;10,09;10,13
23.05.2016;10,23;10,23;10,18;10,21
24.05.2016;10,2;10,27;9,8;9,81
25.05.2016;9,79;9,88;9,77;9,8
26.05.2016;9,85;9,9;9,69;9,78
27.05.2016;9,75;9,8;9,69;9,76
30.05.2016;9,82;9,85;9,77;9,78
31.05.2016;9,79;9,82;9,68;9,68
1.06.2016;9,65;9,7;9,58;9,67
2.06.2016;9,6;9,72;9,55;9,66
3.06.2016;9,62;9,62;9,37;9,37
6.06.2016;9,32;9,39;9,28;9,36
7.06.2016;9,37;9,42;9,22;9,38
8.06.2016;9,33;9,44;9,33;9,36
9.06.2016;9,38;9,45;9,36;9,41
10.06.2016;9,42;9,47;9,4;9,46
13.06.2016;9,48;9,61;9,48;9,55
14.06.2016;9,57;9,64;9,55;9,6
15.06.2016;9,58;9,58;9,51;9,53
16.06.2016;9,54;9,6;9,51;9,52
17.06.2016;9,52;9,53;9,5;9,51
20.06.2016;9,43;9,43;9,28;9,32
21.06.2016;9,32;9,4;9,29;9,4
22.06.2016;9,34;9,43;9,3;9,38
23.06.2016;9,32;9,34;9,16;9,25
24.06.2016;9,62;9,7;9,45;9,51
27.06.2016;9,5;9,53;9,25;9,29
28.06.2016;9,19;9,19;9,05;9,13
29.06.2016;9,14;9,15;9,02;9,08
30.06.2016;9,05;9,15;8,99;9,05
1.07.2016;9,02;9,02;8,89;8,89
4.07.2016;8,96;8,96;8,96;8,96
8.07.2016;9,06;9,06;9,05;9,06
11.07.2016;8,93;9,1;8,93;8,93
12.07.2016;8,97;9,11;8,94;9,05
13.07.2016;9,01;9,12;9;9,02
14.07.2016;8,89;8,98;8,89;8,93
15.07.2016;8,91;8,98;8,91;8,95
18.07.2016;9,39;9,63;9,36;9,59
19.07.2016;9,75;9,83;9,59;9,77
20.07.2016;9,91;10,11;9,83;9,94
21.07.2016;10,11;10,21;10,08;10,13
22.07.2016;10,07;10,12;9,92;9,97
25.07.2016;9,84;9,85;9,79;9,83
26.07.2016;9,77;9,96;9,77;9,92
27.07.2016;9,88;9,91;9,82;9,82
28.07.2016;9,72;9,72;9,57;9,6
29.07.2016;9,6;9,72;9,57;9,61
1.08.2016;9,56;9,63;9,51;9,63
2.08.2016;9,65;9,67;9,63;9,64
3.08.2016;9,82;9,82;9,72;9,75
4.08.2016;9,69;9,76;9,69;9,76
5.08.2016;9,68;9,81;9,68;9,81
8.08.2016;9,66;9,66;9,54;9,62
9.08.2016;9,65;9,65;9,45;9,45
10.08.2016;9,48;9,48;9,41;9,45
11.08.2016;9,42;9,48;9,32;9,36
12.08.2016;9,35;9,42;9,34;9,34
15.08.2016;9,34;9,37;9,33;9,34
16.08.2016;9,36;9,37;9,29;9,32
17.08.2016;9,33;9,47;9,32;9,42
18.08.2016;9,39;9,5;9,35;9,5
19.08.2016;9,6;9,67;9,54;9,54
22.08.2016;9,68;9,7;9,63;9,67
23.08.2016;9,64;9,76;9,57;9,59
24.08.2016;9,73;9,79;9,57;9,59
25.08.2016;9,73;9,73;9,47;9,53
26.08.2016;9,52;9,57;9,44;9,52
29.08.2016;9,61;9,74;9,61;9,64
31.08.2016;9,6;9,65;9,57;9,62
1.09.2016;9,62;9,73;9,61;9,7
2.09.2016;9,68;9,69;9,52;9,61
5.09.2016;9,46;9,61;9,46;9,51
6.09.2016;9,47;9,5;9,38;9,41
7.09.2016;9,42;9,42;9,32;9,34
8.09.2016;9,32;9,36;9,27;9,34
9.09.2016;9,39;9,52;9,38;9,45
16.09.2016;9,42;9,5;9,42;9,48
19.09.2016;9,45;9,54;9,39;9,5
20.09.2016;9,5;9,54;9,47;9,51
21.09.2016;9,5;9,57;9,39;9,39
22.09.2016;9,28;9,28;9,08;9,14
23.09.2016;9,19;9,23;9,19;9,22
26.09.2016;9,64;9,64;9,39;9,39
27.09.2016;9,37;9,4;9,16;9,22
28.09.2016;9,2;9,2;9,12;9,14
29.09.2016;9,16;9,25;9,15;9,16
30.09.2016;9,2;9,3;9,18;9,24
3.10.2016;9,21;9,21;9,1;9,14
4.10.2016;9,15;9,19;9,13;9,19
5.10.2016;9,25;9,25;9,07;9,14
6.10.2016;9,15;9,15;9,07;9,1
7.10.2016;9,06;9,21;9,06;9,18
10.10.2016;9,16;9,27;9,16;9,23
11.10.2016;9,32;9,46;9,28;9,37
12.10.2016;9,35;9,55;9,32;9,45
13.10.2016;9,44;9,58;9,44;9,52
14.10.2016;9,52;9,56;9,48;9,48
17.10.2016;9,6;9,68;9,51;9,6
18.10.2016;9,59;9,67;9,59;9,63
19.10.2016;9,6;9,61;9,48;9,53
20.10.2016;9,48;9,53;9,41;9,42
21.10.2016;9,56;9,56;9,48;9,55
24.10.2016;9,57;9,6;9,54;9,58
25.10.2016;9,6;9,68;9,59;9,63
26.10.2016;9,62;9,66;9,59;9,66
27.10.2016;9,72;9,77;9,7;9,77
28.10.2016;9,83;9,83;9,83;9,83
31.10.2016;9,82;9,85;9,81;9,85
1.11.2016;9,82;9,91;9,82;9,91
2.11.2016;9,97;10;9,85;9,99
3.11.2016;9,99;10,02;9,88;9,91
4.11.2016;10,06;10,16;10,05;10,15
7.11.2016;10,09;10,33;10,06;10,33
8.11.2016;10,3;10,34;10,21;10,21
9.11.2016;10,3;10,36;10,3;10,36
10.11.2016;10,33;10,33;10,27;10,31
11.11.2016;10,53;10,71;10,53;10,66
14.11.2016;10,74;10,95;10,74;10,89
15.11.2016;10,84;10,91;10,82;10,91
16.11.2016;10,93;10,95;10,91;10,95
17.11.2016;10,78;10,88;10,71;10,88
18.11.2016;11,07;11,07;10,94;10,95
21.11.2016;10,99;11,07;10,91;10,98
22.11.2016;10,95;10,98;10,89;10,98
23.11.2016;11,01;11,17;10,98;11,17
24.11.2016;11,24;11,24;11,13;11,2
25.11.2016;11,13;11,2;11,13;11,2
28.11.2016;11,05;11,05;10,98;10,98
29.11.2016;10,91;10,94;10,85;10,87
30.11.2016;10,82;10,85;10,72;10,84
1.12.2016;10,86;11,13;10,84;11,13
2.12.2016;11,2;11,2;11,19;11,2
5.12.2016;11,22;11,25;11,22;11,25
6.12.2016;11,19;11,2;11,08;11,19
7.12.2016;11,04;11,04;10,91;11,01
8.12.2016;10,92;10,92;10,88;10,88
9.12.2016;11,07;11,22;11,07;11,22
12.12.2016;11,32;11,46;11,32;11,32
13.12.2016;11,34;11,38;11,32;11,32
14.12.2016;11,39;11,39;11,39;11,39
15.12.2016;11,52;11,52;11,43;11,44
16.12.2016;11,37;11,37;11,23;11,23
19.12.2016;11,26;11,26;11,26;11,26
20.12.2016;11,2;11,2;11,1;11,13
21.12.2016;11,06;11,06;11,06;11,06
22.12.2016;11,03;11,03;10,91;10,91
23.12.2016;10,91;10,91;10,91;10,91
26.12.2016;11,01;11,01;11,01;11,01
27.12.2016;11,01;11,06;11,01;11,06
28.12.2016;11,07;11,13;10,98;10,98
29.12.2016;11,1;11,1;11,04;11,04
30.12.2016;11,06;11,17;11,06;11,13
2.01.2017;11,17;11,17;11,17;11,17
3.01.2017;11,37;11,37;11,3;11,3
4.01.2017;11,3;11,3;11,12;11,18
5.01.2017;11,07;11,21;11,04;11,21
6.01.2017;11,1;11,14;11,1;11,12
9.01.2017;11,27;11,27;11,27;11,27
10.01.2017;11,3;11,42;11,3;11,42
11.01.2017;11,68;11,86;11,65;11,86
12.01.2017;11,68;11,68;11,4;11,4
13.01.2017;11,44;11,47;11,44;11,47
16.01.2017;11,33;11,47;11,33;11,47
17.01.2017;11,41;11,41;11,33;11,33
18.01.2017;11,33;11,45;11,33;11,38
19.01.2017;11,45;11,47;11,42;11,47
20.01.2017;11,41;11,51;11,34;11,34
23.01.2017;11,2;11,23;11,2;11,2
24.01.2017;11,18;11,31;11,11;11,2
25.01.2017;11,23;11,39;11,23;11,39
26.01.2017;11,31;11,39;11,31;11,31
27.01.2017;11,5;11,5;11,44;11,44
30.01.2017;11,31;11,31;11,18;11,18
31.01.2017;11,09;11,11;11,05;11,06
1.02.2017;11,05;11,05;10,99;11,03
2.02.2017;11,02;11,03;10,93;11,03
3.02.2017;11;11,03;11;11,03
6.02.2017;10,99;11,05;10,95;10,95
7.02.2017;11,09;11,09;11,09;11,09
8.02.2017;11,08;11,25;11,08;11,25
9.02.2017;11,08;11,1;11,07;11,07
10.02.2017;11,08;11,11;11,08;11,11
13.02.2017;11,14;11,14;11,14;11,14
14.02.2017;11,05;11,1;11,05;11,08
15.02.2017;11,08;11,18;11,08;11,15
16.02.2017;11,17;11,19;11,17;11,19
17.02.2017;11,13;11,13;11,13;11,13
20.02.2017;11,06;11,07;11,05;11,07
21.02.2017;11,05;11,05;11,05;11,05
22.02.2017;10,99;11,08;10,99;11,01
23.02.2017;10,99;10,99;10,89;10,9
24.02.2017;10,97;11;10,95;11
27.02.2017;10,99;10,99;10,99;10,99
28.02.2017;11,05;11,05;11,05;11,05
1.03.2017;11,1;11,11;11,07;11,11
2.03.2017;11,11;11,15;11,11;11,12
3.03.2017;11,32;11,32;11,3;11,32
6.03.2017;11,42;11,42;11,42;11,42
7.03.2017;11,44;11,44;11,39;11,39
8.03.2017;11,49;11,49;11,44;11,49
9.03.2017;11,62;11,62;11,22;11,56
10.03.2017;11,58;11,58;11,52;11,52
13.03.2017;11,5;11,55;11,49;11,5
14.03.2017;11,5;11,59;11,5;11,59
15.03.2017;11,57;11,57;11,44;11,51
16.03.2017;11,4;11,4;11,27;11,32
17.03.2017;11,31;11,31;11,24;11,3
20.03.2017;11,24;11,32;11,24;11,3
21.03.2017;11,27;11,28;11,18;11,18
22.03.2017;11,24;11,26;11,13;11,23
23.03.2017;11,1;11,17;11,1;11,13
24.03.2017;11,13;11,22;11,1;11,13
27.03.2017;11,17;11,27;11,05;11,26
28.03.2017;11,23;11,32;11,22;11,29
29.03.2017;11,39;11,44;11,36;11,37
30.03.2017;11,38;11,38;11,25;11,27
31.03.2017;11,3;11,31;11,2;11,2
3.04.2017;11,25;11,3;11,21;11,21
4.04.2017;11,25;11,29;11,2;11,25
5.04.2017;11,27;11,32;11,27;11,29
6.04.2017;11,29;11,37;11,29;11,34
7.04.2017;11,39;11,39;11,31;11,32
10.04.2017;11,27;11,28;11,24;11,25
11.04.2017;11,21;11,21;11,1;11,19
12.04.2017;11,12;11,19;11,12;11,15
13.04.2017;11,12;11,15;11,1;11,15
14.04.2017;11,23;11,23;11,23;11,23
17.04.2017;11,02;11,07;10,99;11,03
18.04.2017;11,07;11,19;11,07;11,19
19.04.2017;11,11;11,12;11,07;11,09
20.04.2017;11,13;11,13;11;11,02
21.04.2017;10,99;11,01;10,92;10,94
24.04.2017;10,89;10,93;10,82;10,88
25.04.2017;10,83;10,98;10,83;10,92
26.04.2017;10,94;10,94;10,82;10,83
27.04.2017;10,74;10,79;10,7;10,75
28.04.2017;10,79;10,84;10,75;10,84
2.05.2017;10,8;10,82;10,78;10,79
3.05.2017;10,75;10,75;10,69;10,69
4.05.2017;10,75;10,77;10,69;10,72
5.05.2017;10,79;10,81;10,75;10,77
8.05.2017;10,74;10,75;10,72;10,72
9.05.2017;10,79;10,87;10,79;10,84
10.05.2017;10,87;10,88;10,81;10,81
11.05.2017;10,81;10,98;10,79;10,98
12.05.2017;10,91;10,98;10,91;10,92
15.05.2017;10,92;10,92;10,87;10,89
16.05.2017;10,88;11;10,87;10,93
17.05.2017;10,97;11;10,93;10,99
18.05.2017;10,98;11,18;10,98;11,1
22.05.2017;11,1;11,1;10,92;10,94
23.05.2017;10,97;10,97;10,88;10,88
24.05.2017;10,91;10,92;10,81;10,84
25.05.2017;10,73;10,8;10,73;10,78
26.05.2017;10,82;10,84;10,78;10,84
29.05.2017;10,78;10,78;10,78;10,78
30.05.2017;10,86;10,86;10,77;10,78
31.05.2017;10,72;10,72;10,65;10,66
1.06.2017;10,62;10,66;10,62;10,66
2.06.2017;10,61;10,62;10,48;10,57
5.06.2017;10,47;10,61;10,44;10,61
6.06.2017;10,64;10,64;10,53;10,54
7.06.2017;10,53;10,8;10,52;10,8
8.06.2017;10,74;10,74;10,69;10,74
9.06.2017;10,67;10,71;10,66;10,7
12.06.2017;10,67;10,7;10,61;10,67
13.06.2017;10,66;10,86;10,65;10,8
14.06.2017;10,65;10,82;10,65;10,71
15.06.2017;10,73;10,82;10,69;10,79
16.06.2017;10,8;10,83;10,75;10,75
19.06.2017;10,69;10,72;10,67;10,71
20.06.2017;10,71;10,75;10,69;10,74
21.06.2017;10,73;10,78;10,7;10,71
22.06.2017;10,69;10,69;10,64;10,64
23.06.2017;10,64;10,71;10,62;10,71
28.06.2017;10,67;10,8;10,67;10,75
29.06.2017;10,78;10,78;10,75;10,75
30.06.2017;10,75;10,77;10,71;10,71
3.07.2017;10,71;10,79;10,7;10,73
4.07.2017;10,75;10,84;10,75;10,83
5.07.2017;10,8;10,92;10,8;10,88
6.07.2017;10,94;11,03;10,94;10,95
7.07.2017;11,02;11,29;10,94;10,98
10.07.2017;11,02;11,02;10,95;10,99
11.07.2017;11;11,04;11;11,03
12.07.2017;10,99;11,02;10,9;10,91
13.07.2017;10,94;10,95;10,87;10,88
14.07.2017;10,86;10,86;10,77;10,79
17.07.2017;10,84;10,84;10,81;10,81
18.07.2017;10,84;10,84;10,68;10,69
19.07.2017;10,68;10,69;10,6;10,67
20.07.2017;10,68;10,77;10,62;10,65
21.07.2017;10,65;10,71;10,65;10,71
24.07.2017;10,68;10,79;10,68;10,77
25.07.2017;10,78;10,85;10,77;10,83
26.07.2017;10,84;10,85;10,82;10,83
27.07.2017;10,8;10,87;10,8;10,85
28.07.2017;10,85;10,88;10,85;10,87
31.07.2017;10,83;10,88;10,83;10,87
1.08.2017;10,86;10,86;10,78;10,83
2.08.2017;10,83;10,85;10,83;10,84
3.08.2017;10,83;10,91;10,83;10,89
4.08.2017;10,88;10,94;10,87;10,92
7.08.2017;10,91;10,95;10,91;10,94
8.08.2017;10,94;10,97;10,94;10,97
9.08.2017;11;11,07;11;11,06
10.08.2017;11,05;11,07;11,02;11,06
11.08.2017;11,06;11,12;11,06;11,1
14.08.2017;11,06;11,08;11,06;11,08
15.08.2017;11,09;11,13;11,09;11,13
16.08.2017;11,12;11,14;11,1;11,1
17.08.2017;11,12;11,12;11,05;11,05
18.08.2017;11,05;11,06;11;11
21.08.2017;11,03;11,05;10,87;10,89
22.08.2017;10,89;10,93;10,88;10,89
23.08.2017;10,89;10,94;10,89;10,93
24.08.2017;10,91;10,91;10,89;10,9
25.08.2017;10,93;10,93;10,87;10,87
28.08.2017;10,87;10,87;10,82;10,85
29.08.2017;10,85;10,9;10,83;10,87
31.08.2017;10,9;10,9;10,89;10,89
5.09.2017;10,86;10,93;10,86;10,91
6.09.2017;10,92;11,01;10,92;11,01
7.09.2017;10,99;10,99;10,92;10,95
8.09.2017;10,9;10,94;10,89;10,9
11.09.2017;10,91;10,92;10,87;10,88
12.09.2017;10,91;10,95;10,9;10,92
13.09.2017;10,92;10,94;10,9;10,91
14.09.2017;10,91;10,99;10,91;10,95
15.09.2017;10,94;10,94;10,91;10,92
18.09.2017;10,92;10,97;10,92;10,95
19.09.2017;10,97;11,01;10,95;10,99
20.09.2017;11;11,01;10,95;11
21.09.2017;11,05;11,11;11,04;11,09
22.09.2017;11,07;11,18;11,04;11,15
25.09.2017;11,14;11,2;11,13;11,2
26.09.2017;11,17;11,18;11,12;11,17
27.09.2017;11,21;11,24;11,18;11,21
28.09.2017;11,21;11,21;11,12;11,12
29.09.2017;11,12;11,14;11,09;11,09
2.10.2017;11,13;11,14;11,12;11,12
3.10.2017;11,14;11,17;11,14;11,14
4.10.2017;11,18;11,21;11,17;11,2
5.10.2017;11,17;11,2;11,17;11,18
6.10.2017;11,23;11,32;11,23;11,31
9.10.2017;11,5;11,75;11,5;11,75
10.10.2017;11,64;11,7;11,58;11,64
11.10.2017;11,68;11,68;11,57;11,57
12.10.2017;11,52;11,56;11,46;11,52
13.10.2017;11,56;11,61;11,48;11,49
16.10.2017;11,49;11,56;11,49;11,53
17.10.2017;11,57;11,6;11,57;11,6
18.10.2017;11,61;11,7;11,61;11,67
19.10.2017;11,67;11,7;11,67;11,7
20.10.2017;11,71;11,78;11,71;11,76
23.10.2017;11,85;11,98;11,82;11,98
24.10.2017;11,94;11,98;11,93;11,98
25.10.2017;12,02;12,06;11,97;12,01
26.10.2017;12,07;12,28;12,07;12,24
27.10.2017;12,34;12,64;12,28;12,28
30.10.2017;12,17;12,24;12,12;12,23
31.10.2017;12,18;12,22;12,15;12,2
1.11.2017;12,17;12,32;12,15;12,29
2.11.2017;12,23;12,39;12,23;12,37
3.11.2017;12,31;12,86;12,31;12,77
6.11.2017;12,66;12,84;12,65;12,77
7.11.2017;12,56;12,82;12,56;12,8
8.11.2017;12,81;13,01;12,81;12,94
9.11.2017;12,93;12,97;12,75;12,9
10.11.2017;12,9;12,93;12,85;12,91
13.11.2017;12,88;12,98;12,87;12,97
14.11.2017;13;13,03;12,91;13,01
15.11.2017;13,09;13,09;12,47;13,02
16.11.2017;13,02;13,06;12,97;13
17.11.2017;12,99;13,18;12,99;13,15
20.11.2017;13,18;13,58;13,16;13,52
21.11.2017;13,74;13,88;13,74;13,86
22.11.2017;13,84;13,88;13,76;13,82
23.11.2017;13,75;13,89;13,39;13,54
24.11.2017;13,26;13,67;13,26;13,6
27.11.2017;13,59;13,59;13,26;13,36
28.11.2017;13,42;13,5;13,32;13,5
29.11.2017;13,62;13,62;13,48;13,54
30.11.2017;13,58;13,58;13,23;13,23
1.12.2017;13,19;13,22;13,03;13,03
4.12.2017;13,15;13,15;12,87;12,95
5.12.2017;12,93;12,93;12,76;12,92
6.12.2017;12,86;12,92;12,86;12,89
7.12.2017;12,88;12,95;12,88;12,91
8.12.2017;12,89;12,95;12,83;12,88
11.12.2017;12,72;12,86;12,72;12,83
12.12.2017;12,88;12,89;12,8;12,86
13.12.2017;12,87;13;12,87;12,92
14.12.2017;12,86;13,01;12,77;13,01
15.12.2017;13;13,12;12,97;13,12
18.12.2017;13,03;13,06;12,93;12,97
19.12.2017;12,94;13,03;12,88;13
20.12.2017;13;13,05;12,81;12,93
21.12.2017;12,92;12,92;11,63;12,86
22.12.2017;12,87;12,87;12,77;12,77
25.12.2017;12,68;12,74;12,68;12,74
26.12.2017;12,75;12,75;12,72;12,75
27.12.2017;12,75;12,75;12,69;12,69
28.12.2017;12,7;12,7;12,66;12,66
29.12.2017;12,4;12,43;12,36;12,37
2.01.2018;12,39;12,4;12,16;12,17
3.01.2018;12,25;12,26;12,19;12,22
4.01.2018;12,22;12,34;12,22;12,3
5.01.2018;12,25;12,3;12,25;12,26
8.01.2018;12,32;12,32;12,26;12,26
9.01.2018;12,25;12,29;12,15;12,16
10.01.2018;12,28;12,32;12,23;12,31
11.01.2018;12,31;12,4;12,31;12,38
12.01.2018;12,35;12,44;12,34;12,34
15.01.2018;12,35;12,51;12,35;12,51
16.01.2018;12,52;12,6;12,37;12,52
17.01.2018;12,59;12,68;12,55;12,68
18.01.2018;12,58;12,68;12,58;12,65
19.01.2018;12,69;12,77;12,68;12,69
22.01.2018;12,8;12,81;12,68;12,68
23.01.2018;12,71;12,71;12,65;12,69
24.01.2018;12,65;12,65;12,46;12,46
25.01.2018;12,36;12,46;12,17;12,25
26.01.2018;12,2;12,25;12,2;12,25
29.01.2018;12,28;12,33;12,26;12,32
30.01.2018;12,31;12,32;12,22;12,22
31.01.2018;12,18;12,21;12,01;12,01
1.02.2018;12,05;12,05;11,93;11,93
2.02.2018;11,93;11,99;11,93;11,95
5.02.2018;11,96;12,04;11,96;11,98
6.02.2018;12,04;12,21;12,04;12,21
7.02.2018;12,21;12,34;12,21;12,34
8.02.2018;12,37;12,49;12,37;12,4
9.02.2018;12,42;12,55;12,4;12,55
12.02.2018;12,54;12,57;12,51;12,51
13.02.2018;12,51;12,64;12,51;12,64
14.02.2018;12,64;12,64;12,58;12,61
15.02.2018;12,48;12,54;12,44;12,51
16.02.2018;12,54;12,54;12,38;12,44
19.02.2018;12,43;12,44;12,38;12,38
20.02.2018;12,43;12,54;12,43;12,52
21.02.2018;12,52;12,52;12,41;12,41
22.02.2018;12,47;12,52;12,43;12,47
23.02.2018;12,41;12,42;12,36;12,42
26.02.2018;12,39;12,42;12,39;12,42
27.02.2018;12,39;12,39;12,39;12,39
28.02.2018;12,4;12,55;12,4;12,49
1.03.2018;12,49;12,55;12,46;12,5
2.03.2018;12,48;12,55;12,46;12,5
5.03.2018;12,55;12,72;12,55;12,72
6.03.2018;12,65;12,69;12,65;12,65
7.03.2018;12,7;12,7;12,69;12,69
8.03.2018;12,82;12,88;12,82;12,82
9.03.2018;12,95;13,08;12,95;13,07
12.03.2018;13,1;13,38;13,1;13,36
13.03.2018;13,39;13,45;13,37;13,37
14.03.2018;13,31;13,31;13,27;13,27
15.03.2018;13,41;13,51;13,33;13,51
16.03.2018;13,51;13,56;13,5;13,5
19.03.2018;13,56;13,6;13,56;13,6
20.03.2018;13,56;13,58;13,36;13,39
21.03.2018;13,18;13,36;13,18;13,34
22.03.2018;13,42;13,43;13,23;13,4
23.03.2018;13,64;13,64;13,64;13,64
26.03.2018;13,68;13,91;13,68;13,91
27.03.2018;13,88;14,03;13,62;13,62
28.03.2018;13,69;13,7;13,61;13,62
29.03.2018;13,59;13,59;13,35;13,38
30.03.2018;13,25;13,38;13,25;13,25
2.04.2018;13,35;13,35;13,26;13,32
3.04.2018;13,32;13,33;13,25;13,32
4.04.2018;13,31;13,36;13,31;13,32
5.04.2018;13,42;13,69;13,31;13,44
6.04.2018;13,94;13,94;13,62;13,62
9.04.2018;13,66;13,7;13,6;13,69
10.04.2018;13,66;13,96;13,64;13,96
11.04.2018;13,91;13,91;13,78;13,78
12.04.2018;13,57;13,57;13,48;13,49
13.04.2018;13,48;13,54;13,44;13,5
16.04.2018;13,57;13,61;13,57;13,61
17.04.2018;13,54;13,64;13,48;13,51
18.04.2018;13,6;13,6;13,26;13,26
19.04.2018;13,32;13,35;13,21;13,26
20.04.2018;13,33;13,33;13,23;13,31
24.04.2018;13,34;13,36;13,34;13,36
25.04.2018;13,31;13,37;13,14;13,33
26.04.2018;13,27;13,48;13,26;13,36
27.04.2018;13,42;13,48;13,37;13,39
30.04.2018;13,36;13,42;13,36;13,42
2.05.2018;13,8;13,88;13,76;13,8
3.05.2018;13,92;14,45;13,92;14,42
4.05.2018;14,54;14,82;14,54;14,74
7.05.2018;14,89;14,95;14,89;14,92
8.05.2018;14,95;15,15;14,95;15,15
9.05.2018;15,21;15,21;15,07;15,12
10.05.2018;15,09;15,15;15,03;15,09
11.05.2018;15,12;15,3;15,03;15,3
14.05.2018;15,3;15,51;15,3;15,36
15.05.2018;15,71;16,23;15,71;16,18
16.05.2018;16;16,36;16;16,19
17.05.2018;16,33;16,4;16,19;16,29
18.05.2018;15,83;16,33;15,83;16,31
21.05.2018;16,34;16,37;16,19;16,24
22.05.2018;16,1;16,1;15,97;16,05
23.05.2018;16,03;16,24;16,03;16,12
24.05.2018;15,8;15,87;15,79;15,87
25.05.2018;15,9;15,9;15,84;15,84
28.05.2018;15,78;15,78;15,28;15,36
29.05.2018;15,28;15,28;15,15;15,26
30.05.2018;15,07;15,19;14,98;15,15
31.05.2018;15,11;15,34;15,07;15,34
1.06.2018;15,39;15,69;15,39;15,69
4.06.2018;15,85;15,93;15,85;15,87
5.06.2018;15,91;15,96;15,91;15,96
6.06.2018;16,14;16,23;16,14;16,23
7.06.2018;16,22;16,22;15,86;15,93
8.06.2018;15,98;16,11;15,98;16,05
11.06.2018;16,19;16,23;16,12;16,13
12.06.2018;16,23;16,41;16,22;16,41
13.06.2018;16,86;16,86;16,81;16,83
18.06.2018;17,41;17,41;17,38;17,41
19.06.2018;17,38;17,38;17,28;17,34
20.06.2018;17,4;17,52;17,4;17,41
21.06.2018;17,38;17,38;17,34;17,34
22.06.2018;17,34;17,34;17,13;17,13
25.06.2018;16,77;17,12;16,77;17,12
26.06.2018;17,85;18,05;17,58;17,58
27.06.2018;17,77;17,77;17,65;17,65
28.06.2018;17,26;17,26;17,12;17,15
29.06.2018;17,31;17,38;17,31;17,36
2.07.2018;17,66;17,67;17,65;17,67
3.07.2018;17,65;18,02;17,65;18,02
4.07.2018;18,33;18,33;18,33;18,33
5.07.2018;18,33;18,33;18,33;18,33
6.07.2018;18,3;18,3;18,19;18,19
9.07.2018;18,14;18,14;18,05;18,14
10.07.2018;18,8;18,9;18,79;18,9
11.07.2018;19,16;19,72;19,15;19,72
12.07.2018;19,84;20,09;19,84;19,9
13.07.2018;19,91;19,91;19,43;19,43
16.07.2018;19,62;19,88;19,62;19,85
17.07.2018;19,9;19,92;19,12;19,12
18.07.2018;19,07;19,44;18,71;19,26
19.07.2018;19,17;19,53;19,17;19,33
20.07.2018;19,44;19,44;18,9;18,98
23.07.2018;18,82;18,82;18,62;18,67
24.07.2018;18,82;20,31;18,82;20,31
25.07.2018;19,81;19,81;19,26;19,33
26.07.2018;19,37;19,44;19,33;19,39
27.07.2018;19,63;19,71;19,63;19,63
30.07.2018;19,81;20,08;19,81;20,04
31.07.2018;20,23;20,48;20,23;20,46
1.08.2018;20,31;20,46;20,29;20,43
2.08.2018;21,24;21,24;21,07;21,07
3.08.2018;21,17;21,41;21,17;21,33
6.08.2018;21,53;21,86;21,53;21,86
7.08.2018;22,19;22,4;21,95;22,07
8.08.2018;21,9;21,95;21,73;21,73
9.08.2018;22,66;22,66;21,86;22,36
10.08.2018;23,2;24,38;23,2;24,38
13.08.2018;24,61;25,55;24,61;25,55
14.08.2018;25;25,29;25;25,29
15.08.2018;25,04;25,8;25,04;25,8
16.08.2018;25,7;26,54;25,7;26,44
17.08.2018;26,54;27,2;26,54;27,2
20.08.2018;26,88;26,95;26,88;26,95
27.08.2018;26,95;26,95;26,57;26,88
28.08.2018;26,96;26,96;26,57;26,57
29.08.2018;26,57;26,59;26,56;26,59
31.08.2018;27,68;27,7;26,6;26,6
3.09.2018;26,6;26,6;26,27;26,33
4.09.2018;26,27;26,27;26,06;26,2
5.09.2018;26,35;26,35;25,87;26,1
6.09.2018;26,1;26,1;25,62;25,79
7.09.2018;26,24;26,24;25,06;25,06
10.09.2018;25,15;25,15;25,15;25,15
11.09.2018;25,5;25,73;25,44;25,73
12.09.2018;26;26;25,45;25,45
13.09.2018;25,64;25,64;24,22;24,23
14.09.2018;24,23;24,23;23,33;23,37
17.09.2018;23,57;23,8;23,57;23,8
18.09.2018;23,79;23,98;23,7;23,7
19.09.2018;23,65;23,65;23,04;23,18
20.09.2018;23,13;23,8;22,27;23,58
21.09.2018;23,13;23,58;23,13;23,4
24.09.2018;22,97;22,97;22,83;22,83
25.09.2018;22,82;23,01;22,82;22,92
27.09.2018;22,29;22,29;21,78;21,87
28.09.2018;21,66;21,91;21,62;21,77
1.10.2018;21,54;21,54;21,37;21,51
2.10.2018;21,67;21,91;21,67;21,88
3.10.2018;22,51;22,83;22,51;22,82
4.10.2018;23,39;23,91;23,39;23,84
5.10.2018;24,07;24,65;24,07;24,26
8.10.2018;24,3;24,7;24,3;24,53
9.10.2018;24,45;24,59;24,45;24,49
10.10.2018;24,36;24,36;23,85;23,99
11.10.2018;23,9;23,94;23,74;23,74
12.10.2018;23,52;23,74;22,98;22,98
15.10.2018;22,54;22,76;21,9;21,9
16.10.2018;22,54;22,54;21,99;22,25
17.10.2018;21,19;21,29;21,13;21,13
18.10.2018;21,09;21,09;20,99;21,09
19.10.2018;21,71;21,72;21,5;21,51
22.10.2018;21,39;21,42;21,39;21,42
23.10.2018;22,14;22,39;22,14;22,39
24.10.2018;22,14;22,14;21,83;21,83
25.10.2018;21,72;21,72;21,62;21,72
26.10.2018;21;21,31;21;21
30.10.2018;20,48;20,48;20,31;20,31
31.10.2018;20,51;20,51;20,31;20,43
1.11.2018;20,59;20,63;20,59;20,63
2.11.2018;19,92;19,92;19,73;19,73
5.11.2018;19,64;19,64;18,42;18,42
6.11.2018;18,06;18,07;17,99;18,07
7.11.2018;18,32;18,32;17,92;18,06
8.11.2018;18,24;18,4;18,24;18,4
9.11.2018;18,39;18,39;18,39;18,39
12.11.2018;17,99;17,99;17,44;17,49
13.11.2018;17,71;17,72;17,71;17,72
14.11.2018;17,77;17,77;17,54;17,6
15.11.2018;17,27;17,6;17,18;17,18
16.11.2018;17,27;17,36;17,15;17,32
19.11.2018;17,15;17,15;17,05;17,1
20.11.2018;17,96;17,96;17,82;17,82
21.11.2018;17,9;18,07;17,9;17,9
22.11.2018;18,04;18,04;17,9;17,9
23.11.2018;17,68;17,68;17,68;17,68
26.11.2018;17,28;17,28;17,28;17,28
27.11.2018;17,22;17,47;17,19;17,19
28.11.2018;17,54;17,54;17,54;17,54
29.11.2018;17,36;17,36;17,19;17,19
30.11.2018;17,55;17,55;17,55;17,55
3.12.2018;17,33;17,38;17,33;17,38
4.12.2018;17,38;17,47;17,38;17,47
5.12.2018;17,64;17,64;17,46;17,46
6.12.2018;17,73;17,79;17,73;17,79
7.12.2018;18;18,28;18;18,2
10.12.2018;18,2;18,21;18,2;18,21
11.12.2018;18,35;18,74;18,35;18,74
12.12.2018;18,8;19,03;18,65;19,03
13.12.2018;19,13;19,13;19,13;19,13
14.12.2018;19,03;19,03;19,03;19,03
17.12.2018;19,22;19,22;19,19;19,19
18.12.2018;19;19,12;19;19,02
19.12.2018;19,08;19,08;18,57;18,66
20.12.2018;18,1;18,29;18,1;18,29
21.12.2018;18,2;18,2;18,2;18,2
24.12.2018;18,29;18,29;18,29;18,29
25.12.2018;18,29;18,29;18,29;18,29
27.12.2018;18,2;18,2;18,03;18,03
28.12.2018;18,03;18,03;18,02;18,02
31.12.2018;17,81;17,81;17,81;17,81
2.01.2019;17,81;17,92;17,81;17,92
3.01.2019;17,92;17,96;17,89;17,96
4.01.2019;17,84;17,92;17,81;17,92
7.01.2019;17,79;17,79;17,79;17,79
8.01.2019;18,1;18,18;18,03;18,18
9.01.2019;18,1;18,29;18,1;18,1
10.01.2019;18,05;18,07;17,92;18,03
11.01.2019;17,78;17,81;17,73;17,81
14.01.2019;17,97;17,97;17,38;17,38
15.01.2019;17,84;17,84;17,52;17,52
16.01.2019;17,29;17,29;17,08;17,08
17.01.2019;17,14;17,14;17,13;17,13
18.01.2019;17,08;17,09;17,08;17,09
21.01.2019;17,18;17,18;17,16;17,18
22.01.2019;17,21;17,21;17,19;17,19
23.01.2019;17,1;17,1;16,98;17,03
24.01.2019;16,78;16,78;16,78;16,78
25.01.2019;16,8;16,8;16,58;16,58
28.01.2019;16,59;16,63;16,54;16,62
29.01.2019;16,72;16,73;16,66;16,66
30.01.2019;16,32;16,32;16,06;16,18
31.01.2019;15,36;15,5;15,36;15,48
1.02.2019;15,54;15,72;15,54;15,69
4.02.2019;15,63;15,66;15,63;15,66
5.02.2019;15,77;15,86;15,77;15,83
6.02.2019;15,81;15,96;15,81;15,93
7.02.2019;16,05;16,13;15,96;15,96
8.02.2019;15,86;15,87;15,82;15,87
11.02.2019;15,87;15,96;15,87;15,96
12.02.2019;16,03;16,03;15,93;15,93
13.02.2019;15,96;16,01;15,96;16,01
14.02.2019;16,14;16,22;16,14;16,19
15.02.2019;16,13;16,13;16,03;16,06
18.02.2019;16,13;16,13;16,09;16,09
19.02.2019;16,22;16,26;16,14;16,26
20.02.2019;16,37;16,54;16,34;16,51
21.02.2019;16,62;16,65;16,51;16,51
22.02.2019;16,51;16,59;16,51;16,54
25.02.2019;16,4;16,4;16,4;16,4
26.02.2019;16,4;16,4;16,25;16,25
27.02.2019;16,03;16,06;16,03;16,06
28.02.2019;16,18;16,18;16,04;16,07
1.03.2019;16,12;16,18;16,09;16,15
4.03.2019;16,18;16,26;16,15;16,26
5.03.2019;16,19;16,26;16,19;16,26
6.03.2019;16,23;16,37;16,23;16,37
7.03.2019;16,68;16,68;16,59;16,65
8.03.2019;16,81;16,82;16,77;16,77
11.03.2019;16,74;16,74;16,74;16,74
12.03.2019;16,82;16,82;16,82;16,82
13.03.2019;16,98;16,98;16,92;16,95
14.03.2019;17,48;17,71;17,38;17,38
15.03.2019;17,27;17,27;17,16;17,16
18.03.2019;17,19;17,19;17,06;17,16
19.03.2019;17,19;17,19;17,04;17,1
20.03.2019;17,01;17,09;17,01;17,09
21.03.2019;16,9;17,01;16,9;17,01
22.03.2019;17,38;17,58;17,38;17,58
25.03.2019;18,05;18,62;17,94;18,55
26.03.2019;19,1;19,46;19,1;19,46
27.03.2019;19,9;21,52;19,9;20,01
28.03.2019;21,39;22,61;21,21;22,5
29.03.2019;22,61;22,61;20,79;20,79
1.04.2019;21,37;21,37;20,75;20,75
2.04.2019;20,75;20,75;20,75;20,75
3.04.2019;20,71;20,71;20,54;20,62
4.04.2019;20,79;20,79;20,55;20,55
5.04.2019;20,76;20,76;20,02;20,02
8.04.2019;20,76;20,76;19,88;19,88
9.04.2019;20,34;20,34;20,01;20,34
10.04.2019;20,55;20,55;20,34;20,34
11.04.2019;20,34;20,45;20,34;20,45
15.04.2019;21,06;21,21;20,78;21,21
16.04.2019;21,65;21,65;21,52;21,52
17.04.2019;21,21;21,43;20,51;20,51
18.04.2019;21,32;21,43;21,21;21,43
19.04.2019;21,22;21,22;21,22;21,22
25.04.2019;21,85;22,81;21,85;22,81
26.04.2019;22,71;23,05;22,71;23,05
29.04.2019;22,95;23,05;22,95;23,05
30.04.2019;23,07;23,07;23,07;23,07
2.05.2019;23,07;23,53;23,07;23,34
3.05.2019;22,97;22,97;22,97;22,97
6.05.2019;23,1;23,1;23,03;23,03
7.05.2019;24,03;24,13;24,03;24,13
8.05.2019;24,17;24,59;24,17;24,53
9.05.2019;24,91;25,01;24,91;25,01
10.05.2019;24,95;24,97;24,79;24,97
13.05.2019;24,56;24,56;24,56;24,56
14.05.2019;24,07;24,07;23,82;23,82
15.05.2019;23,11;23,11;23,11;23,11
16.05.2019;22,64;22,64;22,64;22,64
17.05.2019;22,93;22,93;22,93;22,93
20.05.2019;22,78;22,78;22,66;22,66
21.05.2019;22,71;22,71;22,71;22,71
22.05.2019;23,13;23,13;22,92;23,02
23.05.2019;22,67;23,14;22,67;23,14
24.05.2019;23,04;23,04;22,91;22,91
27.05.2019;22,68;22,68;22,68;22,68
28.05.2019;22,63;22,63;22,57;22,57
30.05.2019;22,11;22,11;22,11;22,11
31.05.2019;21,89;21,89;21,83;21,83
3.06.2019;21,83;21,83;21,65;21,65
7.06.2019;21,01;21,24;20,91;20,91
10.06.2019;20,69;20,69;20,69;20,69
11.06.2019;20,48;20,48;20,48;20,48
12.06.2019;20,48;20,48;19,75;19,75
13.06.2019;19,63;19,63;19,63;19,63
14.06.2019;21,01;21,01;19,64;21,01
17.06.2019;20,07;20,07;20,07;20,07
18.06.2019;19,54;19,54;19,54;19,54
20.06.2019;19,27;19,27;18,33;18,52
21.06.2019;18,02;18,09;18,02;18,09
24.06.2019;17,23;17,23;17,23;17,23
25.06.2019;17,62;17,62;17,43;17,43
26.06.2019;17,33;17,33;17,33;17,33
27.06.2019;17,23;17,23;17,23;17,23
1.07.2019;17,14;17,14;17,14;17,14
2.07.2019;17,12;17,12;17,12;17,12
3.07.2019;17;17;17;17
4.07.2019;16,85;16,85;16,85;16,85
8.07.2019;17,61;17,61;17,52;17,52
9.07.2019;17,71;17,71;17,71;17,71
12.07.2019;17,82;17,82;17,82;17,82
16.07.2019;18,02;18,02;18,02;18,02
18.07.2019;16,83;17,1;16,83;17,1
19.07.2019;16,55;16,55;16,53;16,53
22.07.2019;16,65;16,8;16,65;16,8
24.07.2019;16,65;16,68;16,65;16,68
25.07.2019;16,65;16,65;16,23;16,46
26.07.2019;16,03;16,03;16,03;16,03
29.07.2019;15,8;15,8;15,8;15,8
31.07.2019;15,7;15,7;15,7;15,7
1.08.2019;16,08;16,15;16,08;16,15
2.08.2019;15,98;15,98;15,98;15,98
5.08.2019;16,21;16,21;16,07;16,07
6.08.2019;15,91;16,01;15,91;16,01
7.08.2019;15,71;15,71;15,7;15,7
8.08.2019;15,42;15,42;15,42;15,42
9.08.2019;15,26;15,48;15,26;15,33
19.08.2019;15,43;15,43;15,43;15,43
20.08.2019;16,45;16,45;16,45;16,45
21.08.2019;16,25;16,37;16,25;16,37
23.08.2019;16,87;16,87;16,87;16,87
26.08.2019;16,96;17,02;16,96;17,02
27.08.2019;17,1;17,1;17,02;17,02
28.08.2019;16,82;16,82;16,53;16,55
29.08.2019;16,69;16,69;16,63;16,63
2.09.2019;16,28;16,28;16,15;16,15
4.09.2019;15,68;15,68;15,38;15,38
5.09.2019;15,37;15,37;15,37;15,37
6.09.2019;15,49;15,64;15,49;15,64
9.09.2019;15,86;15,86;15,64;15,77
11.09.2019;15,67;15,67;15,67;15,67
12.09.2019;15,11;15,12;15,11;15,12
18.09.2019;14,97;15,1;14,89;14,92
19.09.2019;15,25;15,25;15,25;15,25
20.09.2019;14,99;14,99;14,99;14,99
24.09.2019;14,64;14,64;14,54;14,54
25.09.2019;14,54;14,54;14,46;14,46
26.09.2019;14,09;14,09;14,09;14,09
30.09.2019;13,65;13,65;13,65;13,65
1.10.2019;13,92;13,92;13,92;13,92
2.10.2019;13,99;13,99;13,99;13,99
4.10.2019;13,77;13,77;13,77;13,77
7.10.2019;13,82;13,82;13,82;13,82
8.10.2019;14,35;14,35;14,33;14,35
9.10.2019;14,53;14,53;14,53;14,53
10.10.2019;14,94;14,94;14,56;14,9
11.10.2019;15,09;15,09;15,09;15,09
14.10.2019;15,84;15,84;15,84;15,84
15.10.2019;15,84;16,04;15,84;16,04
16.10.2019;16,63;16,63;16,63;16,63
17.10.2019;16,04;16,04;15,84;15,84
18.10.2019;14,9;14,9;14,9;14,9
21.10.2019;14,7;14,7;14,61;14,61
23.10.2019;13,78;13,78;13,78;13,78
24.10.2019;13,43;13,43;13,43;13,43
25.10.2019;13,25;13,25;13,25;13,25
